1124244	50f072fa-7a23-477b-8405-331f2335edab	4	all	20	23	5	these	det:predet
1124244	50f072fa-7a23-477b-8405-331f2335edab	5	these	24	29	3	recognizes	obj
1124244	50f072fa-7a23-477b-8405-331f2335edab	6	--	30	32	5	these	punct
1124244	50f072fa-7a23-477b-8405-331f2335edab	7	sugar	33	38	5	these	appos
1124244	50f072fa-7a23-477b-8405-331f2335edab	8	,	38	39	9	syrups	punct
1124244	50f072fa-7a23-477b-8405-331f2335edab	9	syrups	40	46	7	sugar	conj
1124244	50f072fa-7a23-477b-8405-331f2335edab	10	,	46	47	11	agave	punct
1124244	50f072fa-7a23-477b-8405-331f2335edab	11	agave	48	53	7	sugar	conj
1124244	50f072fa-7a23-477b-8405-331f2335edab	12	,	53	54	13	honey	punct
1124244	50f072fa-7a23-477b-8405-331f2335edab	13	honey	55	60	7	sugar	conj
1124244	50f072fa-7a23-477b-8405-331f2335edab	14	,	60	61	15	etc.	punct
1124244	50f072fa-7a23-477b-8405-331f2335edab	15	etc.	62	66	7	sugar	conj
1124244	50f072fa-7a23-477b-8405-331f2335edab	16	--	67	69	3	recognizes	punct
1124244	50f072fa-7a23-477b-8405-331f2335edab	17	as	70	72	20	thing	case
1124244	50f072fa-7a23-477b-8405-331f2335edab	18	the	73	76	20	thing	det
1124244	50f072fa-7a23-477b-8405-331f2335edab	19	same	77	81	20	thing	amod
1124244	50f072fa-7a23-477b-8405-331f2335edab	20	thing	82	87	3	recognizes	obl
1124244	50f072fa-7a23-477b-8405-331f2335edab	21	.	87	88	3	recognizes	punct
1124244	4843a76a-2dc2-400e-ae47-d0d194ba26ed	1	(	0	1	4	true	punct
1124244	4843a76a-2dc2-400e-ae47-d0d194ba26ed	2	It	1	3	4	true	expl
1124244	4843a76a-2dc2-400e-ae47-d0d194ba26ed	3	is	4	6	4	true	cop
1124244	4843a76a-2dc2-400e-ae47-d0d194ba26ed	4	true	7	11	0	root	root
1124244	4843a76a-2dc2-400e-ae47-d0d194ba26ed	5	that	12	16	10	lower	mark
1124244	4843a76a-2dc2-400e-ae47-d0d194ba26ed	6	the	17	20	8	index	det
1124244	4843a76a-2dc2-400e-ae47-d0d194ba26ed	7	glycemic	21	29	8	index	compound
1124244	4843a76a-2dc2-400e-ae47-d0d194ba26ed	8	index	30	35	10	lower	nsubj
1124244	4843a76a-2dc2-400e-ae47-d0d194ba26ed	9	is	36	38	10	lower	cop
1124244	4843a76a-2dc2-400e-ae47-d0d194ba26ed	10	lower	39	44	4	true	csubj
1124244	4843a76a-2dc2-400e-ae47-d0d194ba26ed	11	on	45	47	12	some	case
1124244	4843a76a-2dc2-400e-ae47-d0d194ba26ed	12	some	48	52	10	lower	obl
1124244	4843a76a-2dc2-400e-ae47-d0d194ba26ed	13	of	53	55	14	these	case
1124244	4843a76a-2dc2-400e-ae47-d0d194ba26ed	14	these	56	61	12	some	nmod
1124244	4843a76a-2dc2-400e-ae47-d0d194ba26ed	15	than	62	66	18	sugar	case
1124244	4843a76a-2dc2-400e-ae47-d0d194ba26ed	16	on	67	69	18	sugar	case
1124244	4843a76a-2dc2-400e-ae47-d0d194ba26ed	17	cane	70	74	18	sugar	compound
1124244	4843a76a-2dc2-400e-ae47-d0d194ba26ed	18	sugar	75	80	10	lower	obl
1124244	4843a76a-2dc2-400e-ae47-d0d194ba26ed	19	,	80	81	23	means	punct
1124244	4843a76a-2dc2-400e-ae47-d0d194ba26ed	20	but	82	85	23	means	cc
1124244	4843a76a-2dc2-400e-ae47-d0d194ba26ed	21	that	86	90	23	means	nsubj
1124244	4843a76a-2dc2-400e-ae47-d0d194ba26ed	22	only	91	95	23	means	advmod
1124244	4843a76a-2dc2-400e-ae47-d0d194ba26ed	23	means	96	101	4	true	conj
1124244	4843a76a-2dc2-400e-ae47-d0d194ba26ed	24	the	102	105	25	body	det
1124244	4843a76a-2dc2-400e-ae47-d0d194ba26ed	25	body	106	110	26	processes	nsubj
1124244	4843a76a-2dc2-400e-ae47-d0d194ba26ed	26	processes	111	120	23	means	ccomp
1124244	4843a76a-2dc2-400e-ae47-d0d194ba26ed	27	it	121	123	26	processes	obj
1124244	4843a76a-2dc2-400e-ae47-d0d194ba26ed	28	more	124	128	29	slowly	advmod
1124244	4843a76a-2dc2-400e-ae47-d0d194ba26ed	29	slowly	129	135	26	processes	advmod
1124244	4843a76a-2dc2-400e-ae47-d0d194ba26ed	30	,	135	136	23	means	punct
1124244	4843a76a-2dc2-400e-ae47-d0d194ba26ed	31	so	137	139	35	get	advmod
1124244	4843a76a-2dc2-400e-ae47-d0d194ba26ed	32	you	140	143	35	get	nsubj
1124244	4843a76a-2dc2-400e-ae47-d0d194ba26ed	33	do	144	146	35	get	aux
1124244	4843a76a-2dc2-400e-ae47-d0d194ba26ed	34	n’t	146	149	35	get	advmod
1124244	4843a76a-2dc2-400e-ae47-d0d194ba26ed	35	get	150	153	26	processes	parataxis
1124244	4843a76a-2dc2-400e-ae47-d0d194ba26ed	36	the	154	157	39	crash	det
1124244	4843a76a-2dc2-400e-ae47-d0d194ba26ed	37	sugar	158	163	39	crash	compound
1124244	4843a76a-2dc2-400e-ae47-d0d194ba26ed	38	“	164	165	39	crash	punct
1124244	4843a76a-2dc2-400e-ae47-d0d194ba26ed	39	crash	165	170	35	get	obj
1124244	4843a76a-2dc2-400e-ae47-d0d194ba26ed	40	.	170	171	4	true	punct
1124244	4843a76a-2dc2-400e-ae47-d0d194ba26ed	41	”	171	172	4	true	punct
1124244	9811b45c-4747-4768-b87c-597f4d649f2e	1	It	0	2	3	has	nsubj
1124244	9811b45c-4747-4768-b87c-597f4d649f2e	2	still	3	8	3	has	advmod
1124244	9811b45c-4747-4768-b87c-597f4d649f2e	3	has	9	12	0	root	root
1124244	9811b45c-4747-4768-b87c-597f4d649f2e	4	the	13	16	7	effect	det
1124244	9811b45c-4747-4768-b87c-597f4d649f2e	5	same	17	21	7	effect	amod
1124244	9811b45c-4747-4768-b87c-597f4d649f2e	6	addictive	22	31	7	effect	amod
1124244	9811b45c-4747-4768-b87c-597f4d649f2e	7	effect	32	38	3	has	obj
1124244	9811b45c-4747-4768-b87c-597f4d649f2e	8	on	39	41	10	body	case
1124244	9811b45c-4747-4768-b87c-597f4d649f2e	9	the	42	45	10	body	det
1124244	9811b45c-4747-4768-b87c-597f4d649f2e	10	body	46	50	7	effect	nmod
1124244	9811b45c-4747-4768-b87c-597f4d649f2e	11	.	50	51	3	has	punct
1124244	9811b45c-4747-4768-b87c-597f4d649f2e	12	)	51	52	3	has	punct
1124244	ada10128-9bab-4b50-a1a5-6931f8948d29	1	Addiction	-1	8	7	addiction	nsubj
1124244	ada10128-9bab-4b50-a1a5-6931f8948d29	2	to	9	11	3	sugar	case
1124244	ada10128-9bab-4b50-a1a5-6931f8948d29	3	sugar	12	17	1	Addiction	nmod
1124244	ada10128-9bab-4b50-a1a5-6931f8948d29	4	is	18	20	7	addiction	cop
1124244	ada10128-9bab-4b50-a1a5-6931f8948d29	5	a	21	22	7	addiction	det
1124244	ada10128-9bab-4b50-a1a5-6931f8948d29	6	documented	23	33	7	addiction	amod
1124244	ada10128-9bab-4b50-a1a5-6931f8948d29	7	addiction	34	43	0	root	root
1124244	ada10128-9bab-4b50-a1a5-6931f8948d29	8	.	43	44	7	addiction	punct
1124244	84334e37-c8f3-4e8d-99ac-39e1c2d098d6	1	The	0	3	2	sugar	det
1124244	84334e37-c8f3-4e8d-99ac-39e1c2d098d6	2	sugar	4	9	12	sets	nsubj
1124244	84334e37-c8f3-4e8d-99ac-39e1c2d098d6	3	(	10	11	6	cane	punct
1124244	84334e37-c8f3-4e8d-99ac-39e1c2d098d6	4	be	11	13	6	cane	cop
1124244	84334e37-c8f3-4e8d-99ac-39e1c2d098d6	5	it	14	16	6	cane	compound
1124244	84334e37-c8f3-4e8d-99ac-39e1c2d098d6	6	cane	17	21	2	sugar	appos
1124244	84334e37-c8f3-4e8d-99ac-39e1c2d098d6	7	or	22	24	10	kind	cc
1124244	84334e37-c8f3-4e8d-99ac-39e1c2d098d6	8	any	25	28	10	kind	det
1124244	84334e37-c8f3-4e8d-99ac-39e1c2d098d6	9	other	29	34	10	kind	amod
1124244	84334e37-c8f3-4e8d-99ac-39e1c2d098d6	10	kind	35	39	6	cane	conj
1124244	84334e37-c8f3-4e8d-99ac-39e1c2d098d6	11	)	39	40	6	cane	punct
1124244	84334e37-c8f3-4e8d-99ac-39e1c2d098d6	12	sets	41	45	0	root	root
1124244	84334e37-c8f3-4e8d-99ac-39e1c2d098d6	13	up	46	48	12	sets	compound:prt
1124244	84334e37-c8f3-4e8d-99ac-39e1c2d098d6	14	a	49	50	15	craving	det
1124244	84334e37-c8f3-4e8d-99ac-39e1c2d098d6	15	craving	51	58	12	sets	obj
1124244	84334e37-c8f3-4e8d-99ac-39e1c2d098d6	16	for	59	62	18	sugar	case
1124244	84334e37-c8f3-4e8d-99ac-39e1c2d098d6	17	more	63	67	18	sugar	amod
1124244	84334e37-c8f3-4e8d-99ac-39e1c2d098d6	18	sugar	68	73	15	craving	nmod
1124244	84334e37-c8f3-4e8d-99ac-39e1c2d098d6	19	,	73	74	23	run	punct
1124244	84334e37-c8f3-4e8d-99ac-39e1c2d098d6	20	and	75	78	23	run	cc
1124244	84334e37-c8f3-4e8d-99ac-39e1c2d098d6	21	things	79	85	23	run	nsubj
1124244	84334e37-c8f3-4e8d-99ac-39e1c2d098d6	22	just	86	90	23	run	advmod
1124244	84334e37-c8f3-4e8d-99ac-39e1c2d098d6	23	run	91	94	12	sets	conj
1124244	84334e37-c8f3-4e8d-99ac-39e1c2d098d6	24	out	95	98	26	control	case
1124244	84334e37-c8f3-4e8d-99ac-39e1c2d098d6	25	of	99	101	26	control	case
1124244	84334e37-c8f3-4e8d-99ac-39e1c2d098d6	26	control	102	109	23	run	obl
1124244	84334e37-c8f3-4e8d-99ac-39e1c2d098d6	27	!	109	110	12	sets	punct
1124244	634c1dbb-c99f-41db-aacf-cee1f0d8f115	1	--	0	2	0	root	root
1124244	ac7a84a3-5bb8-48e7-8d58-ef31f7a2a287	1	Been	0	4	0	root	root
1124244	7c96b3ce-77b4-468c-9331-87a9bc02baf9	1	There	0	5	0	root	root
1124244	7c96b3ce-77b4-468c-9331-87a9bc02baf9	2	,	5	6	1	There	punct
1124244	d2b3ae1c-3b08-4ec6-a219-51b627fd711b	1	Done	0	4	0	root	root
1124244	2c54951a-b28d-4016-904b-d6b2ce0becd8	1	That	0	4	0	root	root
1124244	2c54951a-b28d-4016-904b-d6b2ce0becd8	2	in	5	7	4	MexicoDear	case
1124244	2c54951a-b28d-4016-904b-d6b2ce0becd8	3	New	8	11	4	MexicoDear	compound
1124244	2c54951a-b28d-4016-904b-d6b2ce0becd8	4	MexicoDear	12	22	1	That	nmod
1124244	2c54951a-b28d-4016-904b-d6b2ce0becd8	5	Been	23	27	1	That	cop
1124244	6f3eddf9-2279-4883-a28e-00e05ce74ae3	1	There	0	5	0	root	root
1124244	6f3eddf9-2279-4883-a28e-00e05ce74ae3	2	,	5	6	1	There	punct
1124244	d2b3ae1c-3b08-4ec6-a219-51b627fd711b	1	Done	0	4	0	root	root
1124244	285a6cb8-e59c-4aa8-b5e7-25a730e12753	1	That	0	4	3	Thank	nsubj
1124244	285a6cb8-e59c-4aa8-b5e7-25a730e12753	2	:	4	5	3	Thank	punct
1124244	285a6cb8-e59c-4aa8-b5e7-25a730e12753	3	Thank	6	11	0	root	root
1124244	285a6cb8-e59c-4aa8-b5e7-25a730e12753	4	you	12	15	3	Thank	obj
1124244	285a6cb8-e59c-4aa8-b5e7-25a730e12753	5	for	16	19	6	writing	case
1124244	285a6cb8-e59c-4aa8-b5e7-25a730e12753	6	writing	20	27	3	Thank	advcl
1124244	285a6cb8-e59c-4aa8-b5e7-25a730e12753	7	in	28	30	6	writing	advmod
1124244	285a6cb8-e59c-4aa8-b5e7-25a730e12753	8	to	31	33	9	share	mark
1124244	285a6cb8-e59c-4aa8-b5e7-25a730e12753	9	share	34	39	3	Thank	advcl
1124244	285a6cb8-e59c-4aa8-b5e7-25a730e12753	10	about	40	45	14	process	mark
1124244	285a6cb8-e59c-4aa8-b5e7-25a730e12753	11	how	46	49	14	process	advmod
1124244	285a6cb8-e59c-4aa8-b5e7-25a730e12753	12	our	50	53	13	bodies	nmod:poss
1124244	285a6cb8-e59c-4aa8-b5e7-25a730e12753	13	bodies	54	60	14	process	nsubj
1124244	285a6cb8-e59c-4aa8-b5e7-25a730e12753	14	process	61	68	9	share	advcl
1124244	285a6cb8-e59c-4aa8-b5e7-25a730e12753	15	all	69	72	16	types	det
1124244	285a6cb8-e59c-4aa8-b5e7-25a730e12753	16	types	73	78	14	process	obj
1124244	285a6cb8-e59c-4aa8-b5e7-25a730e12753	17	of	79	81	18	sugar	case
1124244	285a6cb8-e59c-4aa8-b5e7-25a730e12753	18	sugar	82	87	16	types	nmod
1124244	285a6cb8-e59c-4aa8-b5e7-25a730e12753	19	,	87	88	16	types	punct
1124244	285a6cb8-e59c-4aa8-b5e7-25a730e12753	20	especially	89	99	22	Halloween	advmod
1124244	285a6cb8-e59c-4aa8-b5e7-25a730e12753	21	with	100	104	22	Halloween	case
1124244	285a6cb8-e59c-4aa8-b5e7-25a730e12753	22	Halloween	105	114	16	types	nmod
1124244	285a6cb8-e59c-4aa8-b5e7-25a730e12753	23	right	115	120	26	corner	advmod
1124244	285a6cb8-e59c-4aa8-b5e7-25a730e12753	24	around	121	127	26	corner	case
1124244	285a6cb8-e59c-4aa8-b5e7-25a730e12753	25	the	128	131	26	corner	det
1124244	285a6cb8-e59c-4aa8-b5e7-25a730e12753	26	corner	132	138	22	Halloween	nmod
1124244	285a6cb8-e59c-4aa8-b5e7-25a730e12753	27	.	138	139	3	Thank	punct
1124244	3857f422-c8ca-4fb3-b13c-7eae70a431d6	1	"	-1	0	0	root	root
1124244	0c1186a9-38f6-487f-bfa7-04491c0a7cb5	1	Ask	-1	2	0	root	root
1124244	0c1186a9-38f6-487f-bfa7-04491c0a7cb5	2	Me	3	5	1	Ask	iobj
1124244	0c1186a9-38f6-487f-bfa7-04491c0a7cb5	3	Anything	6	14	1	Ask	obj
1124244	0c1186a9-38f6-487f-bfa7-04491c0a7cb5	4	:	14	15	3	Anything	punct
1124244	0c1186a9-38f6-487f-bfa7-04491c0a7cb5	5	A	16	17	6	Year	det
1124244	0c1186a9-38f6-487f-bfa7-04491c0a7cb5	6	Year	18	22	3	Anything	appos
1124244	0c1186a9-38f6-487f-bfa7-04491c0a7cb5	7	of	23	25	8	Advice	case
1124244	0c1186a9-38f6-487f-bfa7-04491c0a7cb5	8	Advice	26	32	6	Year	nmod
1124244	0c1186a9-38f6-487f-bfa7-04491c0a7cb5	9	From	33	37	11	Annie	case
1124244	0c1186a9-38f6-487f-bfa7-04491c0a7cb5	10	Dear	38	42	11	Annie	amod
1124244	0c1186a9-38f6-487f-bfa7-04491c0a7cb5	11	Annie	43	48	8	Advice	nmod
1124244	0c1186a9-38f6-487f-bfa7-04491c0a7cb5	12	"	48	49	11	Annie	punct
1124244	0c1186a9-38f6-487f-bfa7-04491c0a7cb5	13	is	50	52	14	out	cop
1124244	0c1186a9-38f6-487f-bfa7-04491c0a7cb5	14	out	53	56	3	Anything	acl
1124244	0c1186a9-38f6-487f-bfa7-04491c0a7cb5	15	now	57	60	14	out	advmod
1124244	0c1186a9-38f6-487f-bfa7-04491c0a7cb5	16	!	60	61	1	Ask	punct
1124244	9f243dd6-d580-45fe-b993-4b624f4ace4c	1	Annie	0	5	5	book	nmod:poss
1124244	9f243dd6-d580-45fe-b993-4b624f4ace4c	2	Lane	6	10	1	Annie	flat
1124244	9f243dd6-d580-45fe-b993-4b624f4ace4c	3	`s	10	12	1	Annie	case
1124244	9f243dd6-d580-45fe-b993-4b624f4ace4c	4	debut	13	18	5	book	compound
1124244	9f243dd6-d580-45fe-b993-4b624f4ace4c	5	book	19	23	20	available	nsubj
1124244	9f243dd6-d580-45fe-b993-4b624f4ace4c	6	--	24	26	5	book	punct
1124244	9f243dd6-d580-45fe-b993-4b624f4ace4c	7	featuring	27	36	5	book	acl
1124244	9f243dd6-d580-45fe-b993-4b624f4ace4c	8	favorite	37	45	9	columns	amod
1124244	9f243dd6-d580-45fe-b993-4b624f4ace4c	9	columns	46	53	7	featuring	obj
1124244	9f243dd6-d580-45fe-b993-4b624f4ace4c	10	on	54	56	11	love	case
1124244	9f243dd6-d580-45fe-b993-4b624f4ace4c	11	love	57	61	9	columns	nmod
1124244	9f243dd6-d580-45fe-b993-4b624f4ace4c	12	,	61	62	13	friendship	punct
1124244	9f243dd6-d580-45fe-b993-4b624f4ace4c	13	friendship	63	73	11	love	conj
1124244	9f243dd6-d580-45fe-b993-4b624f4ace4c	14	,	73	74	15	family	punct
1124244	9f243dd6-d580-45fe-b993-4b624f4ace4c	15	family	75	81	11	love	conj
1124244	9f243dd6-d580-45fe-b993-4b624f4ace4c	16	and	82	85	17	etiquette	cc
1124244	9f243dd6-d580-45fe-b993-4b624f4ace4c	17	etiquette	86	95	11	love	conj
1124244	9f243dd6-d580-45fe-b993-4b624f4ace4c	18	--	96	98	20	available	punct
1124244	9f243dd6-d580-45fe-b993-4b624f4ace4c	19	is	99	101	20	available	cop
1124244	9f243dd6-d580-45fe-b993-4b624f4ace4c	20	available	102	111	0	root	root
1124244	9f243dd6-d580-45fe-b993-4b624f4ace4c	21	as	112	114	23	paperback	case
1124244	9f243dd6-d580-45fe-b993-4b624f4ace4c	22	a	115	116	23	paperback	det
1124244	9f243dd6-d580-45fe-b993-4b624f4ace4c	23	paperback	117	126	20	available	obl
1124244	9f243dd6-d580-45fe-b993-4b624f4ace4c	24	and	127	130	25	e-book	cc
1124244	9f243dd6-d580-45fe-b993-4b624f4ace4c	25	e-book	131	137	23	paperback	conj
1124244	9f243dd6-d580-45fe-b993-4b624f4ace4c	26	.	137	138	20	available	punct
1124244	3e731119-e4d4-452f-b297-b4004603870c	1	Visit	0	5	0	root	root
1124244	e7c96b23-cd09-44cb-ac51-d75f862dc928	1	http://www.creatorspublishing.com	0	33	0	root	root
1124244	e7c96b23-cd09-44cb-ac51-d75f862dc928	2	for	34	37	4	information	case
1124244	e7c96b23-cd09-44cb-ac51-d75f862dc928	3	more	38	42	4	information	amod
1124244	e7c96b23-cd09-44cb-ac51-d75f862dc928	4	information	43	54	1	http://www.creatorspublishing.com	obl
1124244	e7c96b23-cd09-44cb-ac51-d75f862dc928	5	.	54	55	1	http://www.creatorspublishing.com	punct
1124244	d1b66012-95bb-4f18-8825-847e73161fee	1	Send	0	4	0	root	root
1124244	d1b66012-95bb-4f18-8825-847e73161fee	2	your	5	9	3	questions	nmod:poss
1124244	d1b66012-95bb-4f18-8825-847e73161fee	3	questions	10	19	1	Send	obj
1124244	d1b66012-95bb-4f18-8825-847e73161fee	4	for	20	23	5	Annie	case
1124244	d1b66012-95bb-4f18-8825-847e73161fee	5	Annie	24	29	1	Send	obl
1124244	d1b66012-95bb-4f18-8825-847e73161fee	6	Lane	30	34	5	Annie	flat
1124244	d1b66012-95bb-4f18-8825-847e73161fee	7	to	35	37	8	dearannie@creators.com	case
1124244	d1b66012-95bb-4f18-8825-847e73161fee	8	dearannie@creators.com	38	60	1	Send	obl
1124244	d1b66012-95bb-4f18-8825-847e73161fee	9	.	60	61	1	Send	punct
1124244	603e0948-2888-4487-8c35-09b4523e539d	1	COPYRIGHT	-1	8	0	root	root
1124244	603e0948-2888-4487-8c35-09b4523e539d	2	2019	9	13	1	COPYRIGHT	nummod
1124244	603e0948-2888-4487-8c35-09b4523e539d	3	CREATORS.COM	14	26	1	COPYRIGHT	appos
1124287	a8bdacb2-682d-4f46-ac7d-17b2c6a2ded4	1	The	0	3	3	staff	det
1124287	a8bdacb2-682d-4f46-ac7d-17b2c6a2ded4	2	library	4	11	3	staff	compound
1124287	a8bdacb2-682d-4f46-ac7d-17b2c6a2ded4	3	staff	12	17	5	seen	nsubj
1124287	a8bdacb2-682d-4f46-ac7d-17b2c6a2ded4	4	has	18	21	5	seen	aux
1124287	a8bdacb2-682d-4f46-ac7d-17b2c6a2ded4	5	seen	22	26	0	root	root
1124287	a8bdacb2-682d-4f46-ac7d-17b2c6a2ded4	6	the	27	30	8	epidemic	det
1124287	a8bdacb2-682d-4f46-ac7d-17b2c6a2ded4	7	heroin	31	37	8	epidemic	compound
1124287	a8bdacb2-682d-4f46-ac7d-17b2c6a2ded4	8	epidemic	38	46	5	seen	obj
1124287	a8bdacb2-682d-4f46-ac7d-17b2c6a2ded4	9	up	47	49	10	close	case
1124287	a8bdacb2-682d-4f46-ac7d-17b2c6a2ded4	10	close	50	55	5	seen	obl
1124287	a8bdacb2-682d-4f46-ac7d-17b2c6a2ded4	11	,	55	56	5	seen	punct
1124287	a8bdacb2-682d-4f46-ac7d-17b2c6a2ded4	12	with	57	61	14	training	case
1124287	a8bdacb2-682d-4f46-ac7d-17b2c6a2ded4	13	staff	62	67	14	training	compound
1124287	a8bdacb2-682d-4f46-ac7d-17b2c6a2ded4	14	training	68	76	5	seen	obl
1124287	a8bdacb2-682d-4f46-ac7d-17b2c6a2ded4	15	on	77	79	16	overdoses	case
1124287	a8bdacb2-682d-4f46-ac7d-17b2c6a2ded4	16	overdoses	80	89	14	training	nmod
1124287	a8bdacb2-682d-4f46-ac7d-17b2c6a2ded4	17	and	90	93	18	administering	cc
1124287	a8bdacb2-682d-4f46-ac7d-17b2c6a2ded4	18	administering	94	107	16	overdoses	conj
1124287	a8bdacb2-682d-4f46-ac7d-17b2c6a2ded4	19	naloxone	108	116	18	administering	obj
1124287	a8bdacb2-682d-4f46-ac7d-17b2c6a2ded4	20	.	116	117	5	seen	punct
1124287	a70ecc42-ea61-47dc-a048-1c23bb0b2cd8	1	But	0	3	4	want	cc
1124287	a70ecc42-ea61-47dc-a048-1c23bb0b2cd8	2	they	4	8	4	want	nsubj
1124287	a70ecc42-ea61-47dc-a048-1c23bb0b2cd8	3	also	9	13	4	want	advmod
1124287	a70ecc42-ea61-47dc-a048-1c23bb0b2cd8	4	want	14	18	0	root	root
1124287	a70ecc42-ea61-47dc-a048-1c23bb0b2cd8	5	the	19	22	6	library	det
1124287	a70ecc42-ea61-47dc-a048-1c23bb0b2cd8	6	library	23	30	4	want	obj
1124287	a70ecc42-ea61-47dc-a048-1c23bb0b2cd8	7	to	31	33	8	provide	mark
1124287	a70ecc42-ea61-47dc-a048-1c23bb0b2cd8	8	provide	34	41	6	library	acl
1124287	a70ecc42-ea61-47dc-a048-1c23bb0b2cd8	9	a	42	43	11	space	det
1124287	a70ecc42-ea61-47dc-a048-1c23bb0b2cd8	10	safe	44	48	11	space	amod
1124287	a70ecc42-ea61-47dc-a048-1c23bb0b2cd8	11	space	49	54	8	provide	obj
1124287	a70ecc42-ea61-47dc-a048-1c23bb0b2cd8	12	for	55	58	13	children	case
1124287	a70ecc42-ea61-47dc-a048-1c23bb0b2cd8	13	children	59	67	11	space	nmod
1124287	a70ecc42-ea61-47dc-a048-1c23bb0b2cd8	14	.	67	68	4	want	punct
1124287	8bf71c39-89c6-4274-91ab-0e6e49083f60	1	They	0	4	2	have	nsubj
1124287	8bf71c39-89c6-4274-91ab-0e6e49083f60	2	have	5	9	0	root	root
1124287	8bf71c39-89c6-4274-91ab-0e6e49083f60	3	programs	10	18	2	have	obj
1124287	8bf71c39-89c6-4274-91ab-0e6e49083f60	4	for	19	22	6	holiday	case
1124287	8bf71c39-89c6-4274-91ab-0e6e49083f60	5	every	23	28	6	holiday	det
1124287	8bf71c39-89c6-4274-91ab-0e6e49083f60	6	holiday	29	36	3	programs	nmod
1124287	8bf71c39-89c6-4274-91ab-0e6e49083f60	7	,	36	37	2	have	punct
1124287	8bf71c39-89c6-4274-91ab-0e6e49083f60	8	library	38	45	9	supervisor	compound
1124287	8bf71c39-89c6-4274-91ab-0e6e49083f60	9	supervisor	46	56	10	Judi	compound
1124287	8bf71c39-89c6-4274-91ab-0e6e49083f60	10	Judi	57	61	12	said	nsubj
1124287	8bf71c39-89c6-4274-91ab-0e6e49083f60	11	Moore	62	67	10	Judi	flat
1124287	8bf71c39-89c6-4274-91ab-0e6e49083f60	12	said	68	72	2	have	parataxis
1124287	8bf71c39-89c6-4274-91ab-0e6e49083f60	13	,	72	73	21	have	punct
1124287	8bf71c39-89c6-4274-91ab-0e6e49083f60	14	and	74	77	21	have	cc
1124287	8bf71c39-89c6-4274-91ab-0e6e49083f60	15	for	78	81	16	Halloween	case
1124287	8bf71c39-89c6-4274-91ab-0e6e49083f60	16	Halloween	82	91	21	have	obl
1124287	8bf71c39-89c6-4274-91ab-0e6e49083f60	17	,	91	92	21	have	punct
1124287	8bf71c39-89c6-4274-91ab-0e6e49083f60	18	they	93	97	21	have	nsubj
1124287	8bf71c39-89c6-4274-91ab-0e6e49083f60	19	’ll	97	100	21	have	aux
1124287	8bf71c39-89c6-4274-91ab-0e6e49083f60	20	also	101	105	21	have	advmod
1124287	8bf71c39-89c6-4274-91ab-0e6e49083f60	21	have	106	110	2	have	conj
1124287	8bf71c39-89c6-4274-91ab-0e6e49083f60	22	prizes	111	117	21	have	obj
1124287	8bf71c39-89c6-4274-91ab-0e6e49083f60	23	for	118	121	24	costumes	case
1124287	8bf71c39-89c6-4274-91ab-0e6e49083f60	24	costumes	122	130	22	prizes	nmod
1124287	8bf71c39-89c6-4274-91ab-0e6e49083f60	25	,	130	131	27	making	punct
1124287	8bf71c39-89c6-4274-91ab-0e6e49083f60	26	slime	132	137	27	making	compound
1124287	8bf71c39-89c6-4274-91ab-0e6e49083f60	27	making	138	144	24	costumes	conj
1124287	8bf71c39-89c6-4274-91ab-0e6e49083f60	28	,	144	145	31	crafts	punct
1124287	8bf71c39-89c6-4274-91ab-0e6e49083f60	29	and	146	149	31	crafts	cc
1124287	8bf71c39-89c6-4274-91ab-0e6e49083f60	30	other	150	155	31	crafts	amod
1124287	8bf71c39-89c6-4274-91ab-0e6e49083f60	31	crafts	156	162	24	costumes	conj
1124287	8bf71c39-89c6-4274-91ab-0e6e49083f60	32	.	162	163	2	have	punct
1124287	b1c3b5c1-7f52-4541-a4b0-3e5c1a83373f	1	There	0	5	3	be	expl
1124287	b1c3b5c1-7f52-4541-a4b0-3e5c1a83373f	2	will	6	10	3	be	aux
1124287	b1c3b5c1-7f52-4541-a4b0-3e5c1a83373f	3	be	11	13	0	root	root
1124287	b1c3b5c1-7f52-4541-a4b0-3e5c1a83373f	4	costume	14	21	6	making	compound
1124287	b1c3b5c1-7f52-4541-a4b0-3e5c1a83373f	5	-	21	22	6	making	punct
1124287	b1c3b5c1-7f52-4541-a4b0-3e5c1a83373f	6	making	22	28	7	stations	amod
1124287	b1c3b5c1-7f52-4541-a4b0-3e5c1a83373f	7	stations	29	37	3	be	nsubj
1124287	b1c3b5c1-7f52-4541-a4b0-3e5c1a83373f	8	,	37	38	7	stations	punct
1124287	b1c3b5c1-7f52-4541-a4b0-3e5c1a83373f	9	with	39	43	11	glasses	case
1124287	b1c3b5c1-7f52-4541-a4b0-3e5c1a83373f	10	Groucho	44	51	11	glasses	compound
1124287	b1c3b5c1-7f52-4541-a4b0-3e5c1a83373f	11	glasses	52	59	7	stations	nmod
1124287	b1c3b5c1-7f52-4541-a4b0-3e5c1a83373f	12	,	59	60	14	masks	punct
1124287	b1c3b5c1-7f52-4541-a4b0-3e5c1a83373f	13	foam	61	65	14	masks	compound
1124287	b1c3b5c1-7f52-4541-a4b0-3e5c1a83373f	14	masks	66	71	11	glasses	conj
1124287	b1c3b5c1-7f52-4541-a4b0-3e5c1a83373f	15	,	71	72	16	sequins	punct
1124287	b1c3b5c1-7f52-4541-a4b0-3e5c1a83373f	16	sequins	73	80	11	glasses	conj
1124287	b1c3b5c1-7f52-4541-a4b0-3e5c1a83373f	17	,	80	81	19	glitter	punct
1124287	b1c3b5c1-7f52-4541-a4b0-3e5c1a83373f	18	and	82	85	19	glitter	cc
1124287	b1c3b5c1-7f52-4541-a4b0-3e5c1a83373f	19	glitter	86	93	11	glasses	conj
1124287	b1c3b5c1-7f52-4541-a4b0-3e5c1a83373f	20	.	93	94	3	be	punct
1124305	35a42a19-eb9d-4c33-9daf-3e526866db60	1	A	0	1	8	treatment	det
1124305	35a42a19-eb9d-4c33-9daf-3e526866db60	2	newly	2	7	4	approved	compound
1124305	35a42a19-eb9d-4c33-9daf-3e526866db60	3	-	7	8	4	approved	punct
1124305	35a42a19-eb9d-4c33-9daf-3e526866db60	4	approved	8	16	8	treatment	amod
1124305	35a42a19-eb9d-4c33-9daf-3e526866db60	5	three	17	22	4	approved	compound
1124305	35a42a19-eb9d-4c33-9daf-3e526866db60	6	-	22	23	4	approved	punct
1124305	35a42a19-eb9d-4c33-9daf-3e526866db60	7	drug	23	27	8	treatment	compound
1124305	35a42a19-eb9d-4c33-9daf-3e526866db60	8	treatment	28	37	12	cost	nsubj
1124305	35a42a19-eb9d-4c33-9daf-3e526866db60	9	for	38	41	10	tuberculosis	case
1124305	35a42a19-eb9d-4c33-9daf-3e526866db60	10	tuberculosis	42	54	8	treatment	nmod
1124305	35a42a19-eb9d-4c33-9daf-3e526866db60	11	will	55	59	12	cost	aux
1124305	35a42a19-eb9d-4c33-9daf-3e526866db60	12	cost	60	64	0	root	root
1124305	35a42a19-eb9d-4c33-9daf-3e526866db60	13	more	65	69	12	cost	obj
1124305	35a42a19-eb9d-4c33-9daf-3e526866db60	14	than	70	74	13	more	fixed
1124305	35a42a19-eb9d-4c33-9daf-3e526866db60	15	twice	75	80	13	more	fixed
1124305	35a42a19-eb9d-4c33-9daf-3e526866db60	16	the	81	84	17	amount	det
1124305	35a42a19-eb9d-4c33-9daf-3e526866db60	17	amount	85	91	12	cost	obj
1124305	35a42a19-eb9d-4c33-9daf-3e526866db60	18	previously	92	102	19	proposed	advmod
1124305	35a42a19-eb9d-4c33-9daf-3e526866db60	19	proposed	103	111	17	amount	acl
1124305	35a42a19-eb9d-4c33-9daf-3e526866db60	20	by	112	114	22	groups	case
1124305	35a42a19-eb9d-4c33-9daf-3e526866db60	21	advocacy	115	123	22	groups	compound
1124305	35a42a19-eb9d-4c33-9daf-3e526866db60	22	groups	124	130	19	proposed	obl
1124305	35a42a19-eb9d-4c33-9daf-3e526866db60	23	for	131	134	25	treatments	case
1124305	35a42a19-eb9d-4c33-9daf-3e526866db60	24	other	135	140	25	treatments	amod
1124305	35a42a19-eb9d-4c33-9daf-3e526866db60	25	treatments	141	151	19	proposed	obl
1124305	35a42a19-eb9d-4c33-9daf-3e526866db60	26	.	151	152	12	cost	punct
1124305	60ae6a17-7d17-485b-8949-ae42e5b8c7a2	1	The	-1	2	8	Partnership	det
1124305	60ae6a17-7d17-485b-8949-ae42e5b8c7a2	2	United	3	9	5	backed	compound
1124305	60ae6a17-7d17-485b-8949-ae42e5b8c7a2	3	Nations	10	17	5	backed	obl:npmod
1124305	60ae6a17-7d17-485b-8949-ae42e5b8c7a2	4	-	17	18	5	backed	punct
1124305	60ae6a17-7d17-485b-8949-ae42e5b8c7a2	5	backed	18	24	8	Partnership	amod
1124305	60ae6a17-7d17-485b-8949-ae42e5b8c7a2	6	Stop	25	29	8	Partnership	compound
1124305	60ae6a17-7d17-485b-8949-ae42e5b8c7a2	7	TB	30	32	8	Partnership	compound
1124305	60ae6a17-7d17-485b-8949-ae42e5b8c7a2	8	Partnership	33	44	9	said	nsubj
1124305	60ae6a17-7d17-485b-8949-ae42e5b8c7a2	9	said	45	49	0	root	root
1124305	60ae6a17-7d17-485b-8949-ae42e5b8c7a2	10	on	50	52	11	Monday	case
1124305	60ae6a17-7d17-485b-8949-ae42e5b8c7a2	11	Monday	53	59	9	said	obl
1124305	60ae6a17-7d17-485b-8949-ae42e5b8c7a2	12	that	60	64	26	available	mark
1124305	60ae6a17-7d17-485b-8949-ae42e5b8c7a2	13	BPaL	65	69	26	available	nsubj
1124305	60ae6a17-7d17-485b-8949-ae42e5b8c7a2	14	-	70	71	13	BPaL	punct
1124305	60ae6a17-7d17-485b-8949-ae42e5b8c7a2	15	priced	72	78	13	BPaL	acl
1124305	60ae6a17-7d17-485b-8949-ae42e5b8c7a2	16	at	79	81	17	$	case
1124305	60ae6a17-7d17-485b-8949-ae42e5b8c7a2	17	$	82	83	15	priced	obl
1124305	60ae6a17-7d17-485b-8949-ae42e5b8c7a2	18	1,040	83	88	17	$	nummod
1124305	60ae6a17-7d17-485b-8949-ae42e5b8c7a2	19	for	89	92	22	regimen	case
1124305	60ae6a17-7d17-485b-8949-ae42e5b8c7a2	20	a	93	94	22	regimen	det
1124305	60ae6a17-7d17-485b-8949-ae42e5b8c7a2	21	complete	95	103	22	regimen	amod
1124305	60ae6a17-7d17-485b-8949-ae42e5b8c7a2	22	regimen	104	111	15	priced	obl
1124305	60ae6a17-7d17-485b-8949-ae42e5b8c7a2	23	-	112	113	26	available	punct
1124305	60ae6a17-7d17-485b-8949-ae42e5b8c7a2	24	would	114	119	26	available	aux
1124305	60ae6a17-7d17-485b-8949-ae42e5b8c7a2	25	be	120	122	26	available	cop
1124305	60ae6a17-7d17-485b-8949-ae42e5b8c7a2	26	available	123	132	9	said	ccomp
1124305	60ae6a17-7d17-485b-8949-ae42e5b8c7a2	27	in	133	135	29	countries	case
1124305	60ae6a17-7d17-485b-8949-ae42e5b8c7a2	28	150	136	139	29	countries	nummod
1124305	60ae6a17-7d17-485b-8949-ae42e5b8c7a2	29	countries	140	149	26	available	obl
1124305	60ae6a17-7d17-485b-8949-ae42e5b8c7a2	30	through	150	157	34	Facility	case
1124305	60ae6a17-7d17-485b-8949-ae42e5b8c7a2	31	the	158	161	34	Facility	det
1124305	60ae6a17-7d17-485b-8949-ae42e5b8c7a2	32	Global	162	168	34	Facility	compound
1124305	60ae6a17-7d17-485b-8949-ae42e5b8c7a2	33	Drug	169	173	34	Facility	compound
1124305	60ae6a17-7d17-485b-8949-ae42e5b8c7a2	34	Facility	174	182	29	countries	nmod
1124305	60ae6a17-7d17-485b-8949-ae42e5b8c7a2	35	(	183	184	36	GDF	punct
1124305	60ae6a17-7d17-485b-8949-ae42e5b8c7a2	36	GDF	184	187	34	Facility	appos
1124305	60ae6a17-7d17-485b-8949-ae42e5b8c7a2	37	)	187	188	36	GDF	punct
1124305	60ae6a17-7d17-485b-8949-ae42e5b8c7a2	38	,	188	189	34	Facility	punct
1124305	60ae6a17-7d17-485b-8949-ae42e5b8c7a2	39	a	190	191	41	provider	det
1124305	60ae6a17-7d17-485b-8949-ae42e5b8c7a2	40	global	192	198	41	provider	amod
1124305	60ae6a17-7d17-485b-8949-ae42e5b8c7a2	41	provider	199	207	34	Facility	appos
1124305	60ae6a17-7d17-485b-8949-ae42e5b8c7a2	42	of	208	210	44	medicines	case
1124305	60ae6a17-7d17-485b-8949-ae42e5b8c7a2	43	tuberculosis	211	223	44	medicines	compound
1124305	60ae6a17-7d17-485b-8949-ae42e5b8c7a2	44	medicines	224	233	41	provider	nmod
1124305	60ae6a17-7d17-485b-8949-ae42e5b8c7a2	45	created	234	241	44	medicines	acl
1124305	60ae6a17-7d17-485b-8949-ae42e5b8c7a2	46	in	242	244	47	2001	case
1124305	60ae6a17-7d17-485b-8949-ae42e5b8c7a2	47	2001	245	249	45	created	obl
1124305	60ae6a17-7d17-485b-8949-ae42e5b8c7a2	48	to	250	252	49	negotiate	mark
1124305	60ae6a17-7d17-485b-8949-ae42e5b8c7a2	49	negotiate	253	262	45	created	advcl
1124305	60ae6a17-7d17-485b-8949-ae42e5b8c7a2	50	lower	263	268	51	prices	amod
1124305	60ae6a17-7d17-485b-8949-ae42e5b8c7a2	51	prices	269	275	49	negotiate	obj
1124305	60ae6a17-7d17-485b-8949-ae42e5b8c7a2	52	for	276	279	53	treatments	case
1124305	60ae6a17-7d17-485b-8949-ae42e5b8c7a2	53	treatments	280	290	49	negotiate	obl
1124305	60ae6a17-7d17-485b-8949-ae42e5b8c7a2	54	.	290	291	9	said	punct
1124305	4956c1f7-41f4-46e7-a59d-10c34543022a	1	More:Tuberculosis	-1	16	3	responsible	nsubj
1124305	4956c1f7-41f4-46e7-a59d-10c34543022a	2	was	17	20	3	responsible	cop
1124305	4956c1f7-41f4-46e7-a59d-10c34543022a	3	responsible	21	32	0	root	root
1124305	4956c1f7-41f4-46e7-a59d-10c34543022a	4	for	33	36	7	deaths	case
1124305	4956c1f7-41f4-46e7-a59d-10c34543022a	5	1.5	37	40	6	million	compound
1124305	4956c1f7-41f4-46e7-a59d-10c34543022a	6	million	41	48	7	deaths	nummod
1124305	4956c1f7-41f4-46e7-a59d-10c34543022a	7	deaths	49	55	3	responsible	obl
1124305	4956c1f7-41f4-46e7-a59d-10c34543022a	8	in	56	58	9	2018	case
1124305	4956c1f7-41f4-46e7-a59d-10c34543022a	9	2018	59	63	7	deaths	nmod
1124305	4956c1f7-41f4-46e7-a59d-10c34543022a	10	,	63	64	3	responsible	punct
1124305	4956c1f7-41f4-46e7-a59d-10c34543022a	11	according	65	74	16	Organization	case
1124305	4956c1f7-41f4-46e7-a59d-10c34543022a	12	to	75	77	11	according	fixed
1124305	4956c1f7-41f4-46e7-a59d-10c34543022a	13	the	78	81	16	Organization	det
1124305	4956c1f7-41f4-46e7-a59d-10c34543022a	14	World	82	87	16	Organization	compound
1124305	4956c1f7-41f4-46e7-a59d-10c34543022a	15	Health	88	94	16	Organization	compound
1124305	4956c1f7-41f4-46e7-a59d-10c34543022a	16	Organization	95	107	3	responsible	obl
1124305	4956c1f7-41f4-46e7-a59d-10c34543022a	17	(	108	109	16	Organization	punct
1124305	4956c1f7-41f4-46e7-a59d-10c34543022a	18	WHO	109	112	16	Organization	appos
1124305	4956c1f7-41f4-46e7-a59d-10c34543022a	19	)	112	113	16	Organization	punct
1124305	4956c1f7-41f4-46e7-a59d-10c34543022a	20	.	113	114	3	responsible	punct
1124305	c8a4b705-9478-45e0-b5b3-b2b6c4704897	1	BPaL	-1	3	5	treatment	nsubj
1124305	c8a4b705-9478-45e0-b5b3-b2b6c4704897	2	is	4	6	5	treatment	cop
1124305	c8a4b705-9478-45e0-b5b3-b2b6c4704897	3	an	7	9	5	treatment	det
1124305	c8a4b705-9478-45e0-b5b3-b2b6c4704897	4	oral	10	14	5	treatment	amod
1124305	c8a4b705-9478-45e0-b5b3-b2b6c4704897	5	treatment	15	24	0	root	root
1124305	c8a4b705-9478-45e0-b5b3-b2b6c4704897	6	which	25	30	7	promises	nsubj
1124305	c8a4b705-9478-45e0-b5b3-b2b6c4704897	7	promises	31	39	5	treatment	acl:relcl
1124305	c8a4b705-9478-45e0-b5b3-b2b6c4704897	8	to	40	42	15	choice	mark
1124305	c8a4b705-9478-45e0-b5b3-b2b6c4704897	9	be	43	45	15	choice	cop
1124305	c8a4b705-9478-45e0-b5b3-b2b6c4704897	10	the	46	49	15	choice	det
1124305	c8a4b705-9478-45e0-b5b3-b2b6c4704897	11	shorter	50	57	15	choice	amod
1124305	c8a4b705-9478-45e0-b5b3-b2b6c4704897	12	and	58	61	14	convenient	cc
1124305	c8a4b705-9478-45e0-b5b3-b2b6c4704897	13	more	62	66	14	convenient	advmod
1124305	c8a4b705-9478-45e0-b5b3-b2b6c4704897	14	convenient	67	77	11	shorter	conj
1124305	c8a4b705-9478-45e0-b5b3-b2b6c4704897	15	choice	78	84	7	promises	xcomp
1124305	c8a4b705-9478-45e0-b5b3-b2b6c4704897	16	compared	85	93	15	choice	acl
1124305	c8a4b705-9478-45e0-b5b3-b2b6c4704897	17	with	94	98	18	existing	mark
1124305	c8a4b705-9478-45e0-b5b3-b2b6c4704897	18	existing	99	107	15	choice	advcl
1124305	c8a4b705-9478-45e0-b5b3-b2b6c4704897	19	tuberculosis	108	120	21	options	compound
1124305	c8a4b705-9478-45e0-b5b3-b2b6c4704897	20	treatment	121	130	21	options	compound
1124305	c8a4b705-9478-45e0-b5b3-b2b6c4704897	21	options	131	138	18	existing	obj
1124305	c8a4b705-9478-45e0-b5b3-b2b6c4704897	22	,	138	139	21	options	punct
1124305	c8a4b705-9478-45e0-b5b3-b2b6c4704897	23	which	140	145	24	use	nsubj
1124305	c8a4b705-9478-45e0-b5b3-b2b6c4704897	24	use	146	149	21	options	acl:relcl
1124305	c8a4b705-9478-45e0-b5b3-b2b6c4704897	25	a	150	151	26	cocktail	det
1124305	c8a4b705-9478-45e0-b5b3-b2b6c4704897	26	cocktail	152	160	24	use	obj
1124305	c8a4b705-9478-45e0-b5b3-b2b6c4704897	27	of	161	163	29	drugs	case
1124305	c8a4b705-9478-45e0-b5b3-b2b6c4704897	28	antibiotic	164	174	29	drugs	amod
1124305	c8a4b705-9478-45e0-b5b3-b2b6c4704897	29	drugs	175	180	26	cocktail	nmod
1124305	c8a4b705-9478-45e0-b5b3-b2b6c4704897	30	over	181	185	32	period	case
1124305	c8a4b705-9478-45e0-b5b3-b2b6c4704897	31	a	186	187	32	period	det
1124305	c8a4b705-9478-45e0-b5b3-b2b6c4704897	32	period	188	194	24	use	obl
1124305	c8a4b705-9478-45e0-b5b3-b2b6c4704897	33	of	195	197	37	years	case
1124305	c8a4b705-9478-45e0-b5b3-b2b6c4704897	34	up	198	200	36	two	advmod
1124305	c8a4b705-9478-45e0-b5b3-b2b6c4704897	35	to	201	203	34	up	fixed
1124305	c8a4b705-9478-45e0-b5b3-b2b6c4704897	36	two	204	207	37	years	nummod
1124305	c8a4b705-9478-45e0-b5b3-b2b6c4704897	37	years	208	213	32	period	nmod
1124305	c8a4b705-9478-45e0-b5b3-b2b6c4704897	38	.	213	214	5	treatment	punct
1124305	c0a96de7-d82f-43c6-b576-4a45b93471a8	1	The	-1	2	3	cocktail	det
1124305	c0a96de7-d82f-43c6-b576-4a45b93471a8	2	new	3	6	3	cocktail	amod
1124305	c0a96de7-d82f-43c6-b576-4a45b93471a8	3	cocktail	7	15	15	consists	nsubj
1124305	c0a96de7-d82f-43c6-b576-4a45b93471a8	4	,	15	16	3	cocktail	punct
1124305	c0a96de7-d82f-43c6-b576-4a45b93471a8	5	which	17	22	7	treat	nsubj
1124305	c0a96de7-d82f-43c6-b576-4a45b93471a8	6	will	23	27	7	treat	aux
1124305	c0a96de7-d82f-43c6-b576-4a45b93471a8	7	treat	28	33	3	cocktail	acl:relcl
1124305	c0a96de7-d82f-43c6-b576-4a45b93471a8	8	extensively	34	45	9	drug-resistant	advmod
1124305	c0a96de7-d82f-43c6-b576-4a45b93471a8	9	drug-resistant	46	60	10	strains	amod
1124305	c0a96de7-d82f-43c6-b576-4a45b93471a8	10	strains	61	68	7	treat	obj
1124305	c0a96de7-d82f-43c6-b576-4a45b93471a8	11	of	69	71	13	illness	case
1124305	c0a96de7-d82f-43c6-b576-4a45b93471a8	12	the	72	75	13	illness	det
1124305	c0a96de7-d82f-43c6-b576-4a45b93471a8	13	illness	76	83	10	strains	nmod
1124305	c0a96de7-d82f-43c6-b576-4a45b93471a8	14	,	83	84	15	consists	punct
1124305	c0a96de7-d82f-43c6-b576-4a45b93471a8	15	consists	85	93	0	root	root
1124305	c0a96de7-d82f-43c6-b576-4a45b93471a8	16	of	94	96	26	pretomanid	case
1124305	c0a96de7-d82f-43c6-b576-4a45b93471a8	17	drug	97	101	20	Alliance	compound
1124305	c0a96de7-d82f-43c6-b576-4a45b93471a8	18	developer	102	111	20	Alliance	compound
1124305	c0a96de7-d82f-43c6-b576-4a45b93471a8	19	TB	112	114	20	Alliance	compound
1124305	c0a96de7-d82f-43c6-b576-4a45b93471a8	20	Alliance	115	123	26	pretomanid	nmod:poss
1124305	c0a96de7-d82f-43c6-b576-4a45b93471a8	21	`s	123	125	20	Alliance	case
1124305	c0a96de7-d82f-43c6-b576-4a45b93471a8	22	newly	126	131	24	approved	advmod
1124305	c0a96de7-d82f-43c6-b576-4a45b93471a8	23	-	131	132	24	approved	punct
1124305	c0a96de7-d82f-43c6-b576-4a45b93471a8	24	approved	132	140	26	pretomanid	amod
1124305	c0a96de7-d82f-43c6-b576-4a45b93471a8	25	medicine	141	149	26	pretomanid	compound
1124305	c0a96de7-d82f-43c6-b576-4a45b93471a8	26	pretomanid	150	160	15	consists	obl
1124305	c0a96de7-d82f-43c6-b576-4a45b93471a8	27	,	160	161	15	consists	punct
1124305	c0a96de7-d82f-43c6-b576-4a45b93471a8	28	in	162	164	29	combination	case
1124305	c0a96de7-d82f-43c6-b576-4a45b93471a8	29	combination	165	176	15	consists	obl
1124305	c0a96de7-d82f-43c6-b576-4a45b93471a8	30	with	177	181	31	linezolid	case
1124305	c0a96de7-d82f-43c6-b576-4a45b93471a8	31	linezolid	182	191	29	combination	nmod
1124305	c0a96de7-d82f-43c6-b576-4a45b93471a8	32	and	192	195	33	Johnson	cc
1124305	c0a96de7-d82f-43c6-b576-4a45b93471a8	33	Johnson	196	203	31	linezolid	conj
1124305	c0a96de7-d82f-43c6-b576-4a45b93471a8	34	&	204	205	35	Johnson	cc
1124305	c0a96de7-d82f-43c6-b576-4a45b93471a8	35	Johnson	206	213	33	Johnson	conj
1124305	c0a96de7-d82f-43c6-b576-4a45b93471a8	36	`s	213	215	35	Johnson	case
1124305	c0a96de7-d82f-43c6-b576-4a45b93471a8	37	(	216	217	38	J&J	punct
1124305	c0a96de7-d82f-43c6-b576-4a45b93471a8	38	J&J	217	220	40	bedaquiline	compound
1124305	c0a96de7-d82f-43c6-b576-4a45b93471a8	39	)	220	221	38	J&J	punct
1124305	c0a96de7-d82f-43c6-b576-4a45b93471a8	40	bedaquiline	222	233	31	linezolid	conj
1124305	c0a96de7-d82f-43c6-b576-4a45b93471a8	41	.	233	234	15	consists	punct
1124305	fc409bee-05fb-44a2-9165-9c2a8cab9348	1	Pretomanid	-1	9	20	medicine	nsubj
1124305	fc409bee-05fb-44a2-9165-9c2a8cab9348	2	,	9	10	1	Pretomanid	punct
1124305	fc409bee-05fb-44a2-9165-9c2a8cab9348	3	which	11	16	6	available	nsubj
1124305	fc409bee-05fb-44a2-9165-9c2a8cab9348	4	will	17	21	6	available	aux
1124305	fc409bee-05fb-44a2-9165-9c2a8cab9348	5	be	22	24	6	available	cop
1124305	fc409bee-05fb-44a2-9165-9c2a8cab9348	6	available	25	34	1	Pretomanid	acl:relcl
1124305	fc409bee-05fb-44a2-9165-9c2a8cab9348	7	at	35	37	8	$	case
1124305	fc409bee-05fb-44a2-9165-9c2a8cab9348	8	$	38	39	6	available	obl
1124305	fc409bee-05fb-44a2-9165-9c2a8cab9348	9	364	39	42	8	$	nummod
1124305	fc409bee-05fb-44a2-9165-9c2a8cab9348	10	for	43	46	13	course	case
1124305	fc409bee-05fb-44a2-9165-9c2a8cab9348	11	a	47	48	13	course	det
1124305	fc409bee-05fb-44a2-9165-9c2a8cab9348	12	treatment	49	58	13	course	compound
1124305	fc409bee-05fb-44a2-9165-9c2a8cab9348	13	course	59	65	6	available	obl
1124305	fc409bee-05fb-44a2-9165-9c2a8cab9348	14	,	65	66	20	medicine	punct
1124305	fc409bee-05fb-44a2-9165-9c2a8cab9348	15	is	67	69	20	medicine	cop
1124305	fc409bee-05fb-44a2-9165-9c2a8cab9348	16	only	70	74	20	medicine	advmod
1124305	fc409bee-05fb-44a2-9165-9c2a8cab9348	17	the	75	78	20	medicine	det
1124305	fc409bee-05fb-44a2-9165-9c2a8cab9348	18	third	79	84	20	medicine	amod
1124305	fc409bee-05fb-44a2-9165-9c2a8cab9348	19	new	85	88	20	medicine	amod
1124305	fc409bee-05fb-44a2-9165-9c2a8cab9348	20	medicine	89	97	0	root	root
1124305	fc409bee-05fb-44a2-9165-9c2a8cab9348	21	for	98	101	23	tuberculosis	case
1124305	fc409bee-05fb-44a2-9165-9c2a8cab9348	22	drug-resistant	102	116	23	tuberculosis	amod
1124305	fc409bee-05fb-44a2-9165-9c2a8cab9348	23	tuberculosis	117	129	20	medicine	nmod
1124305	fc409bee-05fb-44a2-9165-9c2a8cab9348	24	to	130	132	26	approved	mark
1124305	fc409bee-05fb-44a2-9165-9c2a8cab9348	25	be	133	135	26	approved	aux:pass
1124305	fc409bee-05fb-44a2-9165-9c2a8cab9348	26	approved	136	144	20	medicine	acl
1124305	fc409bee-05fb-44a2-9165-9c2a8cab9348	27	in	145	147	30	years	case
1124305	fc409bee-05fb-44a2-9165-9c2a8cab9348	28	about	148	153	29	40	advmod
1124305	fc409bee-05fb-44a2-9165-9c2a8cab9348	29	40	154	156	30	years	nummod
1124305	fc409bee-05fb-44a2-9165-9c2a8cab9348	30	years	157	162	26	approved	obl
1124305	fc409bee-05fb-44a2-9165-9c2a8cab9348	31	,	162	163	26	approved	punct
1124305	fc409bee-05fb-44a2-9165-9c2a8cab9348	32	after	164	169	35	bedaquiline	case
1124305	fc409bee-05fb-44a2-9165-9c2a8cab9348	33	J&J	170	173	35	bedaquiline	nmod:poss
1124305	fc409bee-05fb-44a2-9165-9c2a8cab9348	34	`s	173	175	33	J&J	case
1124305	fc409bee-05fb-44a2-9165-9c2a8cab9348	35	bedaquiline	176	187	26	approved	obl
1124305	fc409bee-05fb-44a2-9165-9c2a8cab9348	36	and	188	191	42	delamanid	cc
1124305	fc409bee-05fb-44a2-9165-9c2a8cab9348	37	Otsuka	192	198	40	Ltd	compound
1124305	fc409bee-05fb-44a2-9165-9c2a8cab9348	38	Pharmaceutical	199	213	40	Ltd	compound
1124305	fc409bee-05fb-44a2-9165-9c2a8cab9348	39	Co	214	216	40	Ltd	compound
1124305	fc409bee-05fb-44a2-9165-9c2a8cab9348	40	Ltd	217	220	42	delamanid	nmod:poss
1124305	fc409bee-05fb-44a2-9165-9c2a8cab9348	41	`s	220	222	40	Ltd	case
1124305	fc409bee-05fb-44a2-9165-9c2a8cab9348	42	delamanid	223	232	35	bedaquiline	conj
1124305	fc409bee-05fb-44a2-9165-9c2a8cab9348	43	.	232	233	20	medicine	punct
1124305	5af75096-2460-494b-8cb6-671aff7bbd1a	1	Advocacy	-1	7	2	groups	compound
1124305	5af75096-2460-494b-8cb6-671aff7bbd1a	2	groups	8	14	5	criticised	nsubj
1124305	5af75096-2460-494b-8cb6-671aff7bbd1a	3	have	15	19	5	criticised	aux
1124305	5af75096-2460-494b-8cb6-671aff7bbd1a	4	long	20	24	5	criticised	advmod
1124305	5af75096-2460-494b-8cb6-671aff7bbd1a	5	criticised	25	35	0	root	root
1124305	5af75096-2460-494b-8cb6-671aff7bbd1a	6	the	36	39	7	cost	det
1124305	5af75096-2460-494b-8cb6-671aff7bbd1a	7	cost	40	44	5	criticised	obj
1124305	5af75096-2460-494b-8cb6-671aff7bbd1a	8	for	45	48	9	bedaquiline	case
1124305	5af75096-2460-494b-8cb6-671aff7bbd1a	9	bedaquiline	49	60	7	cost	nmod
1124305	5af75096-2460-494b-8cb6-671aff7bbd1a	10	and	61	64	11	delamanid	cc
1124305	5af75096-2460-494b-8cb6-671aff7bbd1a	11	delamanid	65	74	9	bedaquiline	conj
1124305	5af75096-2460-494b-8cb6-671aff7bbd1a	12	.	74	75	5	criticised	punct
1124305	221a3750-8ce4-4005-ad9b-95fe63e6034c	1	NGO	0	3	2	Doctors	compound
1124305	221a3750-8ce4-4005-ad9b-95fe63e6034c	2	Doctors	4	11	14	waged	nsubj
1124305	221a3750-8ce4-4005-ad9b-95fe63e6034c	3	Without	12	19	4	Borders	case
1124305	221a3750-8ce4-4005-ad9b-95fe63e6034c	4	Borders	20	27	2	Doctors	nmod
1124305	221a3750-8ce4-4005-ad9b-95fe63e6034c	5	(	28	29	8	Frontieres	punct
1124305	221a3750-8ce4-4005-ad9b-95fe63e6034c	6	Medecins	29	37	8	Frontieres	compound
1124305	221a3750-8ce4-4005-ad9b-95fe63e6034c	7	Sans	38	42	8	Frontieres	compound
1124305	221a3750-8ce4-4005-ad9b-95fe63e6034c	8	Frontieres	43	53	2	Doctors	appos
1124305	221a3750-8ce4-4005-ad9b-95fe63e6034c	9	,	53	54	11	MSF	punct
1124305	221a3750-8ce4-4005-ad9b-95fe63e6034c	10	or	55	57	11	MSF	cc
1124305	221a3750-8ce4-4005-ad9b-95fe63e6034c	11	MSF	58	61	8	Frontieres	conj
1124305	221a3750-8ce4-4005-ad9b-95fe63e6034c	12	)	61	62	11	MSF	punct
1124305	221a3750-8ce4-4005-ad9b-95fe63e6034c	13	has	63	66	14	waged	aux
1124305	221a3750-8ce4-4005-ad9b-95fe63e6034c	14	waged	67	72	0	root	root
1124305	221a3750-8ce4-4005-ad9b-95fe63e6034c	15	a	73	74	17	battle	det
1124305	221a3750-8ce4-4005-ad9b-95fe63e6034c	16	running	75	82	17	battle	compound
1124305	221a3750-8ce4-4005-ad9b-95fe63e6034c	17	battle	83	89	14	waged	obj
1124305	221a3750-8ce4-4005-ad9b-95fe63e6034c	18	in	90	92	19	public	case
1124305	221a3750-8ce4-4005-ad9b-95fe63e6034c	19	public	93	99	14	waged	obl
1124305	221a3750-8ce4-4005-ad9b-95fe63e6034c	20	with	100	104	21	J&J	case
1124305	221a3750-8ce4-4005-ad9b-95fe63e6034c	21	J&J	105	108	14	waged	obl
1124305	221a3750-8ce4-4005-ad9b-95fe63e6034c	22	over	109	113	27	tag	case
1124305	221a3750-8ce4-4005-ad9b-95fe63e6034c	23	its	114	117	27	tag	nmod:poss
1124305	221a3750-8ce4-4005-ad9b-95fe63e6034c	24	$	118	119	27	tag	compound
1124305	221a3750-8ce4-4005-ad9b-95fe63e6034c	25	400	119	122	24	$	nummod
1124305	221a3750-8ce4-4005-ad9b-95fe63e6034c	26	price	123	128	27	tag	compound
1124305	221a3750-8ce4-4005-ad9b-95fe63e6034c	27	tag	129	132	14	waged	obl
1124305	221a3750-8ce4-4005-ad9b-95fe63e6034c	28	for	133	136	33	course	case
1124305	221a3750-8ce4-4005-ad9b-95fe63e6034c	29	a	137	138	33	course	det
1124305	221a3750-8ce4-4005-ad9b-95fe63e6034c	30	six	139	142	32	month	nummod
1124305	221a3750-8ce4-4005-ad9b-95fe63e6034c	31	-	142	143	32	month	punct
1124305	221a3750-8ce4-4005-ad9b-95fe63e6034c	32	month	143	148	33	course	compound
1124305	221a3750-8ce4-4005-ad9b-95fe63e6034c	33	course	149	155	14	waged	obl
1124305	221a3750-8ce4-4005-ad9b-95fe63e6034c	34	for	156	159	35	bedaquiline	case
1124305	221a3750-8ce4-4005-ad9b-95fe63e6034c	35	bedaquiline	160	171	33	course	nmod
1124305	221a3750-8ce4-4005-ad9b-95fe63e6034c	36	.	171	172	14	waged	punct
1124305	ec7e9b66-be5e-4470-bc71-39628fb59703	1	MSF	-1	2	3	argued	nsubj
1124305	ec7e9b66-be5e-4470-bc71-39628fb59703	2	has	3	6	3	argued	aux
1124305	ec7e9b66-be5e-4470-bc71-39628fb59703	3	argued	7	13	0	root	root
1124305	ec7e9b66-be5e-4470-bc71-39628fb59703	4	that	14	18	8	produced	mark
1124305	ec7e9b66-be5e-4470-bc71-39628fb59703	5	bedaquiline	19	30	8	produced	nsubj:pass
1124305	ec7e9b66-be5e-4470-bc71-39628fb59703	6	could	31	36	8	produced	aux
1124305	ec7e9b66-be5e-4470-bc71-39628fb59703	7	be	37	39	8	produced	aux:pass
1124305	ec7e9b66-be5e-4470-bc71-39628fb59703	8	produced	40	48	3	argued	ccomp
1124305	ec7e9b66-be5e-4470-bc71-39628fb59703	9	and	49	52	10	sold	cc
1124305	ec7e9b66-be5e-4470-bc71-39628fb59703	10	sold	53	57	8	produced	conj
1124305	ec7e9b66-be5e-4470-bc71-39628fb59703	11	at	58	60	13	profit	case
1124305	ec7e9b66-be5e-4470-bc71-39628fb59703	12	a	61	62	13	profit	det
1124305	ec7e9b66-be5e-4470-bc71-39628fb59703	13	profit	63	69	10	sold	obl
1124305	ec7e9b66-be5e-4470-bc71-39628fb59703	14	for	70	73	16	cents	case
1124305	ec7e9b66-be5e-4470-bc71-39628fb59703	15	25	74	76	16	cents	nummod
1124305	ec7e9b66-be5e-4470-bc71-39628fb59703	16	cents	77	82	13	profit	nmod
1124305	ec7e9b66-be5e-4470-bc71-39628fb59703	17	a	83	84	18	day	det
1124305	ec7e9b66-be5e-4470-bc71-39628fb59703	18	day	85	88	16	cents	nmod:npmod
1124305	ec7e9b66-be5e-4470-bc71-39628fb59703	19	,	88	89	32	higher	punct
1124305	ec7e9b66-be5e-4470-bc71-39628fb59703	20	and	90	93	32	higher	cc
1124305	ec7e9b66-be5e-4470-bc71-39628fb59703	21	that	94	98	32	higher	mark
1124305	ec7e9b66-be5e-4470-bc71-39628fb59703	22	the	99	102	23	price	det
1124305	ec7e9b66-be5e-4470-bc71-39628fb59703	23	price	103	108	32	higher	nsubj
1124305	ec7e9b66-be5e-4470-bc71-39628fb59703	24	of	109	111	25	treatments	case
1124305	ec7e9b66-be5e-4470-bc71-39628fb59703	25	treatments	112	122	23	price	nmod
1124305	ec7e9b66-be5e-4470-bc71-39628fb59703	26	for	123	126	28	tuberculosis	case
1124305	ec7e9b66-be5e-4470-bc71-39628fb59703	27	drug-resistant	127	141	28	tuberculosis	amod
1124305	ec7e9b66-be5e-4470-bc71-39628fb59703	28	tuberculosis	142	154	25	treatments	nmod
1124305	ec7e9b66-be5e-4470-bc71-39628fb59703	29	should	155	161	32	higher	aux
1124305	ec7e9b66-be5e-4470-bc71-39628fb59703	30	be	162	164	32	higher	cop
1124305	ec7e9b66-be5e-4470-bc71-39628fb59703	31	no	165	167	32	higher	advmod
1124305	ec7e9b66-be5e-4470-bc71-39628fb59703	32	higher	168	174	8	produced	conj
1124305	ec7e9b66-be5e-4470-bc71-39628fb59703	33	than	175	179	34	$	case
1124305	ec7e9b66-be5e-4470-bc71-39628fb59703	34	$	180	181	32	higher	obl
1124305	ec7e9b66-be5e-4470-bc71-39628fb59703	35	500	181	184	34	$	nummod
1124305	ec7e9b66-be5e-4470-bc71-39628fb59703	36	for	185	188	40	course	case
1124305	ec7e9b66-be5e-4470-bc71-39628fb59703	37	a	189	190	40	course	det
1124305	ec7e9b66-be5e-4470-bc71-39628fb59703	38	complete	191	199	40	course	amod
1124305	ec7e9b66-be5e-4470-bc71-39628fb59703	39	treatment	200	209	40	course	compound
1124305	ec7e9b66-be5e-4470-bc71-39628fb59703	40	course	210	216	32	higher	obl
1124305	ec7e9b66-be5e-4470-bc71-39628fb59703	41	.	216	217	3	argued	punct
1124305	8c9be3c3-75ec-44f7-a9e3-cc56cd231b6d	1	However	-1	6	3	Stop	advmod
1124305	8c9be3c3-75ec-44f7-a9e3-cc56cd231b6d	2	,	6	7	3	Stop	punct
1124305	8c9be3c3-75ec-44f7-a9e3-cc56cd231b6d	3	Stop	8	12	0	root	root
1124305	8c9be3c3-75ec-44f7-a9e3-cc56cd231b6d	4	TB	13	15	3	Stop	obj
1124305	261f4d2e-5fea-4216-b6a4-2ec76ed915b7	1	Partnership	0	11	2	says	nsubj
1124305	261f4d2e-5fea-4216-b6a4-2ec76ed915b7	2	says	12	16	0	root	root
1124305	261f4d2e-5fea-4216-b6a4-2ec76ed915b7	3	the	17	20	4	costs	det
1124305	261f4d2e-5fea-4216-b6a4-2ec76ed915b7	4	costs	21	26	2	says	obj
1124305	261f4d2e-5fea-4216-b6a4-2ec76ed915b7	5	of	27	29	7	regimens	case
1124305	261f4d2e-5fea-4216-b6a4-2ec76ed915b7	6	other	30	35	7	regimens	amod
1124305	261f4d2e-5fea-4216-b6a4-2ec76ed915b7	7	regimens	36	44	4	costs	nmod
1124305	261f4d2e-5fea-4216-b6a4-2ec76ed915b7	8	for	45	48	12	range	case
1124305	261f4d2e-5fea-4216-b6a4-2ec76ed915b7	9	extremely	49	58	10	drug-resistant	advmod
1124305	261f4d2e-5fea-4216-b6a4-2ec76ed915b7	10	drug-resistant	59	73	12	range	amod
1124305	261f4d2e-5fea-4216-b6a4-2ec76ed915b7	11	tuberculosis	74	86	12	range	compound
1124305	261f4d2e-5fea-4216-b6a4-2ec76ed915b7	12	range	87	92	4	costs	nmod
1124305	261f4d2e-5fea-4216-b6a4-2ec76ed915b7	13	from	93	97	14	$	case
1124305	261f4d2e-5fea-4216-b6a4-2ec76ed915b7	14	$	98	99	4	costs	nmod
1124305	261f4d2e-5fea-4216-b6a4-2ec76ed915b7	15	2,000	99	104	14	$	nummod
1124305	261f4d2e-5fea-4216-b6a4-2ec76ed915b7	16	to	105	107	17	$	case
1124305	261f4d2e-5fea-4216-b6a4-2ec76ed915b7	17	$	108	109	14	$	nmod
1124305	261f4d2e-5fea-4216-b6a4-2ec76ed915b7	18	8,000	109	114	17	$	nummod
1124305	261f4d2e-5fea-4216-b6a4-2ec76ed915b7	19	for	115	118	20	courses	case
1124305	261f4d2e-5fea-4216-b6a4-2ec76ed915b7	20	courses	119	126	14	$	nmod
1124305	261f4d2e-5fea-4216-b6a4-2ec76ed915b7	21	of	127	129	25	months	case
1124305	261f4d2e-5fea-4216-b6a4-2ec76ed915b7	22	at	130	132	23	least	case
1124305	261f4d2e-5fea-4216-b6a4-2ec76ed915b7	23	least	133	138	24	20	nmod
1124305	261f4d2e-5fea-4216-b6a4-2ec76ed915b7	24	20	139	141	25	months	nummod
1124305	261f4d2e-5fea-4216-b6a4-2ec76ed915b7	25	months	142	148	20	courses	nmod
1124305	261f4d2e-5fea-4216-b6a4-2ec76ed915b7	26	.	148	149	2	says	punct
1124305	573fff19-1f8c-4e30-a452-424acd1d7474	1	TB	-1	1	2	Alliance	compound
1124305	573fff19-1f8c-4e30-a452-424acd1d7474	2	Alliance	2	10	5	granted	nsubj
1124305	573fff19-1f8c-4e30-a452-424acd1d7474	3	in	11	13	4	April	case
1124305	573fff19-1f8c-4e30-a452-424acd1d7474	4	April	14	19	2	Alliance	nmod
1124305	573fff19-1f8c-4e30-a452-424acd1d7474	5	granted	20	27	0	root	root
1124305	573fff19-1f8c-4e30-a452-424acd1d7474	6	a	28	29	7	license	det
1124305	573fff19-1f8c-4e30-a452-424acd1d7474	7	license	30	37	5	granted	obj
1124305	573fff19-1f8c-4e30-a452-424acd1d7474	8	to	38	40	11	drugmaker	case
1124305	573fff19-1f8c-4e30-a452-424acd1d7474	9	United	41	47	10	States	compound
1124305	573fff19-1f8c-4e30-a452-424acd1d7474	10	States	48	54	11	drugmaker	compound
1124305	573fff19-1f8c-4e30-a452-424acd1d7474	11	drugmaker	55	64	7	license	nmod
1124305	573fff19-1f8c-4e30-a452-424acd1d7474	12	Mylan	65	70	13	NV	compound
1124305	573fff19-1f8c-4e30-a452-424acd1d7474	13	NV	71	73	11	drugmaker	appos
1124305	573fff19-1f8c-4e30-a452-424acd1d7474	14	to	74	76	15	manufacture	mark
1124305	573fff19-1f8c-4e30-a452-424acd1d7474	15	manufacture	77	88	7	license	acl
1124305	573fff19-1f8c-4e30-a452-424acd1d7474	16	and	89	92	17	sell	cc
1124305	573fff19-1f8c-4e30-a452-424acd1d7474	17	sell	93	97	15	manufacture	conj
1124305	573fff19-1f8c-4e30-a452-424acd1d7474	18	pretomanid	98	108	15	manufacture	obj
1124305	573fff19-1f8c-4e30-a452-424acd1d7474	19	as	109	111	20	part	case
1124305	573fff19-1f8c-4e30-a452-424acd1d7474	20	part	112	116	15	manufacture	obl
1124305	573fff19-1f8c-4e30-a452-424acd1d7474	21	of	117	119	23	regimens	case
1124305	573fff19-1f8c-4e30-a452-424acd1d7474	22	certain	120	127	23	regimens	amod
1124305	573fff19-1f8c-4e30-a452-424acd1d7474	23	regimens	128	136	20	part	nmod
1124305	573fff19-1f8c-4e30-a452-424acd1d7474	24	in	137	139	28	markets	case
1124305	573fff19-1f8c-4e30-a452-424acd1d7474	25	high	140	144	27	income	amod
1124305	573fff19-1f8c-4e30-a452-424acd1d7474	26	-	144	145	27	income	punct
1124305	573fff19-1f8c-4e30-a452-424acd1d7474	27	income	145	151	28	markets	compound
1124305	573fff19-1f8c-4e30-a452-424acd1d7474	28	markets	152	159	23	regimens	nmod
1124305	573fff19-1f8c-4e30-a452-424acd1d7474	29	,	159	160	35	license	punct
1124305	573fff19-1f8c-4e30-a452-424acd1d7474	30	as	161	163	35	license	cc
1124305	573fff19-1f8c-4e30-a452-424acd1d7474	31	well	164	168	30	as	fixed
1124305	573fff19-1f8c-4e30-a452-424acd1d7474	32	as	169	171	30	as	fixed
1124305	573fff19-1f8c-4e30-a452-424acd1d7474	33	a	172	173	35	license	det
1124305	573fff19-1f8c-4e30-a452-424acd1d7474	34	non-exclusive	174	187	35	license	amod
1124305	573fff19-1f8c-4e30-a452-424acd1d7474	35	license	188	195	7	license	conj
1124305	573fff19-1f8c-4e30-a452-424acd1d7474	36	for	196	199	39	income	case
1124305	573fff19-1f8c-4e30-a452-424acd1d7474	37	low	200	203	39	income	amod
1124305	573fff19-1f8c-4e30-a452-424acd1d7474	38	-	203	204	39	income	punct
1124305	573fff19-1f8c-4e30-a452-424acd1d7474	39	income	204	210	35	license	nmod
1124305	573fff19-1f8c-4e30-a452-424acd1d7474	40	and	211	214	44	countries	cc
1124305	573fff19-1f8c-4e30-a452-424acd1d7474	41	middle	215	221	43	income	amod
1124305	573fff19-1f8c-4e30-a452-424acd1d7474	42	-	221	222	43	income	punct
1124305	573fff19-1f8c-4e30-a452-424acd1d7474	43	income	222	228	44	countries	compound
1124305	573fff19-1f8c-4e30-a452-424acd1d7474	44	countries	229	238	39	income	conj
1124305	573fff19-1f8c-4e30-a452-424acd1d7474	45	,	238	239	44	countries	punct
1124305	573fff19-1f8c-4e30-a452-424acd1d7474	46	where	240	245	50	occur	advmod
1124305	573fff19-1f8c-4e30-a452-424acd1d7474	47	most	246	250	49	cases	amod
1124305	573fff19-1f8c-4e30-a452-424acd1d7474	48	tuberculosis	251	263	49	cases	compound
1124305	573fff19-1f8c-4e30-a452-424acd1d7474	49	cases	264	269	50	occur	nsubj
1124305	573fff19-1f8c-4e30-a452-424acd1d7474	50	occur	270	275	44	countries	acl:relcl
1124305	573fff19-1f8c-4e30-a452-424acd1d7474	51	.	275	276	5	granted	punct
1124305	6c54e275-4f12-4b24-8ed0-63a895834467	1	Stop	-1	3	0	root	root
1124305	6c54e275-4f12-4b24-8ed0-63a895834467	2	TB	4	6	3	Partnership	compound
1124305	6c54e275-4f12-4b24-8ed0-63a895834467	3	Partnership	7	18	4	said	nsubj
1124305	6c54e275-4f12-4b24-8ed0-63a895834467	4	said	19	23	1	Stop	parataxis
1124305	6c54e275-4f12-4b24-8ed0-63a895834467	5	it	24	26	7	start	nsubj
1124305	6c54e275-4f12-4b24-8ed0-63a895834467	6	would	27	32	7	start	aux
1124305	6c54e275-4f12-4b24-8ed0-63a895834467	7	start	33	38	4	said	ccomp
1124305	6c54e275-4f12-4b24-8ed0-63a895834467	8	supplying	39	48	7	start	xcomp
1124305	6c54e275-4f12-4b24-8ed0-63a895834467	9	the	49	52	10	regimen	det
1124305	6c54e275-4f12-4b24-8ed0-63a895834467	10	regimen	53	60	8	supplying	obj
1124305	6c54e275-4f12-4b24-8ed0-63a895834467	11	following	61	70	10	regimen	acl
1124305	6c54e275-4f12-4b24-8ed0-63a895834467	12	WHO	71	74	14	guidance	nsubj
1124305	6c54e275-4f12-4b24-8ed0-63a895834467	13	`s	74	76	14	guidance	cop
1124305	6c54e275-4f12-4b24-8ed0-63a895834467	14	guidance	77	85	10	regimen	acl:relcl
1124305	6c54e275-4f12-4b24-8ed0-63a895834467	15	on	86	88	16	using	mark
1124305	6c54e275-4f12-4b24-8ed0-63a895834467	16	using	89	94	14	guidance	acl
1124305	6c54e275-4f12-4b24-8ed0-63a895834467	17	the	95	98	18	drug	det
1124305	6c54e275-4f12-4b24-8ed0-63a895834467	18	drug	99	103	16	using	obj
1124305	6c54e275-4f12-4b24-8ed0-63a895834467	19	.	103	104	1	Stop	punct
1124305	1c9b403a-db65-41ce-bc51-71e4b6eb44ee	1	Mylan	0	5	5	said	nsubj
1124305	1c9b403a-db65-41ce-bc51-71e4b6eb44ee	2	,	5	6	5	said	punct
1124305	1c9b403a-db65-41ce-bc51-71e4b6eb44ee	3	however	7	14	5	said	advmod
1124305	1c9b403a-db65-41ce-bc51-71e4b6eb44ee	4	,	14	15	5	said	punct
1124305	1c9b403a-db65-41ce-bc51-71e4b6eb44ee	5	said	16	20	0	root	root
1124305	1c9b403a-db65-41ce-bc51-71e4b6eb44ee	6	it	21	23	9	sell	nsubj
1124305	1c9b403a-db65-41ce-bc51-71e4b6eb44ee	7	will	24	28	9	sell	aux
1124305	1c9b403a-db65-41ce-bc51-71e4b6eb44ee	8	also	29	33	9	sell	advmod
1124305	1c9b403a-db65-41ce-bc51-71e4b6eb44ee	9	sell	34	38	5	said	ccomp
1124305	1c9b403a-db65-41ce-bc51-71e4b6eb44ee	10	the	39	42	11	drug	det
1124305	1c9b403a-db65-41ce-bc51-71e4b6eb44ee	11	drug	43	47	9	sell	obj
1124305	1c9b403a-db65-41ce-bc51-71e4b6eb44ee	12	directly	48	56	9	sell	advmod
1124305	1c9b403a-db65-41ce-bc51-71e4b6eb44ee	13	to	57	59	14	countries	case
1124305	1c9b403a-db65-41ce-bc51-71e4b6eb44ee	14	countries	60	69	9	sell	obl
1124305	1c9b403a-db65-41ce-bc51-71e4b6eb44ee	15	.	69	70	5	said	punct
1124305	de68768f-d8fb-4916-a18e-39f4c2da68e2	1	Prices	-1	5	11	line	nsubj
1124305	de68768f-d8fb-4916-a18e-39f4c2da68e2	2	in	6	8	6	countries	case
1124305	de68768f-d8fb-4916-a18e-39f4c2da68e2	3	low	9	12	5	income	amod
1124305	de68768f-d8fb-4916-a18e-39f4c2da68e2	4	-	12	13	5	income	punct
1124305	de68768f-d8fb-4916-a18e-39f4c2da68e2	5	income	13	19	6	countries	compound
1124305	de68768f-d8fb-4916-a18e-39f4c2da68e2	6	countries	20	29	1	Prices	nmod
1124305	de68768f-d8fb-4916-a18e-39f4c2da68e2	7	would	30	35	11	line	aux
1124305	de68768f-d8fb-4916-a18e-39f4c2da68e2	8	be	36	38	11	line	cop
1124305	de68768f-d8fb-4916-a18e-39f4c2da68e2	9	in	39	41	11	line	case
1124305	de68768f-d8fb-4916-a18e-39f4c2da68e2	10	-	41	42	11	line	punct
1124305	de68768f-d8fb-4916-a18e-39f4c2da68e2	11	line	42	46	41	said	ccomp
1124305	de68768f-d8fb-4916-a18e-39f4c2da68e2	12	with	47	51	14	price	case
1124305	de68768f-d8fb-4916-a18e-39f4c2da68e2	13	the	52	55	14	price	det
1124305	de68768f-d8fb-4916-a18e-39f4c2da68e2	14	price	56	61	11	line	nmod
1124305	de68768f-d8fb-4916-a18e-39f4c2da68e2	15	offered	62	69	14	price	acl
1124305	de68768f-d8fb-4916-a18e-39f4c2da68e2	16	through	70	77	17	GDF	case
1124305	de68768f-d8fb-4916-a18e-39f4c2da68e2	17	GDF	78	81	15	offered	obl
1124305	de68768f-d8fb-4916-a18e-39f4c2da68e2	18	,	81	82	22	decided	punct
1124305	de68768f-d8fb-4916-a18e-39f4c2da68e2	19	but	83	86	22	decided	cc
1124305	de68768f-d8fb-4916-a18e-39f4c2da68e2	20	would	87	92	22	decided	aux
1124305	de68768f-d8fb-4916-a18e-39f4c2da68e2	21	be	93	95	22	decided	aux:pass
1124305	de68768f-d8fb-4916-a18e-39f4c2da68e2	22	decided	96	103	11	line	conj
1124305	de68768f-d8fb-4916-a18e-39f4c2da68e2	23	on	104	106	30	basis	case
1124305	de68768f-d8fb-4916-a18e-39f4c2da68e2	24	a	107	108	30	basis	det
1124305	de68768f-d8fb-4916-a18e-39f4c2da68e2	25	case	109	113	30	basis	compound
1124305	de68768f-d8fb-4916-a18e-39f4c2da68e2	26	-	113	114	25	case	punct
1124305	de68768f-d8fb-4916-a18e-39f4c2da68e2	27	by	114	116	29	case	case
1124305	de68768f-d8fb-4916-a18e-39f4c2da68e2	28	-	116	117	29	case	punct
1124305	de68768f-d8fb-4916-a18e-39f4c2da68e2	29	case	117	121	25	case	nmod
1124305	de68768f-d8fb-4916-a18e-39f4c2da68e2	30	basis	122	127	22	decided	obl
1124305	de68768f-d8fb-4916-a18e-39f4c2da68e2	31	where	128	133	36	supplied	advmod
1124305	de68768f-d8fb-4916-a18e-39f4c2da68e2	32	the	134	137	33	drug	det
1124305	de68768f-d8fb-4916-a18e-39f4c2da68e2	33	drug	138	142	36	supplied	nsubj:pass
1124305	de68768f-d8fb-4916-a18e-39f4c2da68e2	34	is	143	145	36	supplied	aux:pass
1124305	de68768f-d8fb-4916-a18e-39f4c2da68e2	35	not	146	149	36	supplied	advmod
1124305	de68768f-d8fb-4916-a18e-39f4c2da68e2	36	supplied	150	158	30	basis	acl:relcl
1124305	de68768f-d8fb-4916-a18e-39f4c2da68e2	37	through	159	166	38	GDF	case
1124305	de68768f-d8fb-4916-a18e-39f4c2da68e2	38	GDF	167	170	36	supplied	obl
1124305	de68768f-d8fb-4916-a18e-39f4c2da68e2	39	,	170	171	41	said	punct
1124305	de68768f-d8fb-4916-a18e-39f4c2da68e2	40	it	172	174	41	said	nsubj
1124305	de68768f-d8fb-4916-a18e-39f4c2da68e2	41	said	175	179	0	root	root
1124305	de68768f-d8fb-4916-a18e-39f4c2da68e2	42	.	179	180	41	said	punct
1124305	a475a91f-54af-4893-84f8-4f0e09a7e18f	1	The	-1	2	2	drug	det
1124305	a475a91f-54af-4893-84f8-4f0e09a7e18f	2	drug	3	7	5	available	nsubj
1124305	a475a91f-54af-4893-84f8-4f0e09a7e18f	3	will	8	12	5	available	aux
1124305	a475a91f-54af-4893-84f8-4f0e09a7e18f	4	be	13	15	5	available	cop
1124305	a475a91f-54af-4893-84f8-4f0e09a7e18f	5	available	16	25	0	root	root
1124305	a475a91f-54af-4893-84f8-4f0e09a7e18f	6	in	26	28	7	bottles	case
1124305	a475a91f-54af-4893-84f8-4f0e09a7e18f	7	bottles	29	36	5	available	obl
1124305	a475a91f-54af-4893-84f8-4f0e09a7e18f	8	of	37	39	10	tablets	case
1124305	a475a91f-54af-4893-84f8-4f0e09a7e18f	9	26	40	42	10	tablets	nummod
1124305	a475a91f-54af-4893-84f8-4f0e09a7e18f	10	tablets	43	50	7	bottles	nmod
1124305	a475a91f-54af-4893-84f8-4f0e09a7e18f	11	,	50	51	5	available	punct
1124305	a475a91f-54af-4893-84f8-4f0e09a7e18f	12	with	52	56	17	treatment	case
1124305	a475a91f-54af-4893-84f8-4f0e09a7e18f	13	a	57	58	17	treatment	det
1124305	a475a91f-54af-4893-84f8-4f0e09a7e18f	14	six	59	62	16	month	nummod
1124305	a475a91f-54af-4893-84f8-4f0e09a7e18f	15	-	62	63	16	month	punct
1124305	a475a91f-54af-4893-84f8-4f0e09a7e18f	16	month	63	68	17	treatment	compound
1124305	a475a91f-54af-4893-84f8-4f0e09a7e18f	17	treatment	69	78	5	available	obl
1124305	a475a91f-54af-4893-84f8-4f0e09a7e18f	18	requiring	79	88	17	treatment	acl
1124305	a475a91f-54af-4893-84f8-4f0e09a7e18f	19	seven	89	94	20	bottles	nummod
1124305	a475a91f-54af-4893-84f8-4f0e09a7e18f	20	bottles	95	102	18	requiring	obj
1124305	a475a91f-54af-4893-84f8-4f0e09a7e18f	21	.	102	103	5	available	punct
1124312	314c38ee-1a5f-462a-bd8e-fb68523abcc6	1	LONDON	0	6	28	likely	nsubj
1124312	314c38ee-1a5f-462a-bd8e-fb68523abcc6	2	(	7	8	3	Reuters	punct
1124312	314c38ee-1a5f-462a-bd8e-fb68523abcc6	3	Reuters	8	15	1	LONDON	appos
1124312	314c38ee-1a5f-462a-bd8e-fb68523abcc6	4	)	15	16	3	Reuters	punct
1124312	314c38ee-1a5f-462a-bd8e-fb68523abcc6	5	-	17	18	1	LONDON	punct
1124312	314c38ee-1a5f-462a-bd8e-fb68523abcc6	6	E-cigarette	19	30	1	LONDON	appos
1124312	314c38ee-1a5f-462a-bd8e-fb68523abcc6	7	or	31	33	12	injuries	cc
1124312	314c38ee-1a5f-462a-bd8e-fb68523abcc6	8	vaping	34	40	10	linked	compound
1124312	314c38ee-1a5f-462a-bd8e-fb68523abcc6	9	-	40	41	10	linked	punct
1124312	314c38ee-1a5f-462a-bd8e-fb68523abcc6	10	linked	41	47	12	injuries	amod
1124312	314c38ee-1a5f-462a-bd8e-fb68523abcc6	11	lung	48	52	12	injuries	compound
1124312	314c38ee-1a5f-462a-bd8e-fb68523abcc6	12	injuries	53	61	6	E-cigarette	conj
1124312	314c38ee-1a5f-462a-bd8e-fb68523abcc6	13	that	62	66	15	killed	nsubj
1124312	314c38ee-1a5f-462a-bd8e-fb68523abcc6	14	have	67	71	15	killed	aux
1124312	314c38ee-1a5f-462a-bd8e-fb68523abcc6	15	killed	72	78	12	injuries	acl:relcl
1124312	314c38ee-1a5f-462a-bd8e-fb68523abcc6	16	29	79	81	15	killed	obj
1124312	314c38ee-1a5f-462a-bd8e-fb68523abcc6	17	and	82	85	18	sickened	cc
1124312	314c38ee-1a5f-462a-bd8e-fb68523abcc6	18	sickened	86	94	15	killed	conj
1124312	314c38ee-1a5f-462a-bd8e-fb68523abcc6	19	more	95	99	21	1,000	advmod
1124312	314c38ee-1a5f-462a-bd8e-fb68523abcc6	20	than	100	104	19	more	fixed
1124312	314c38ee-1a5f-462a-bd8e-fb68523abcc6	21	1,000	105	110	22	people	nummod
1124312	314c38ee-1a5f-462a-bd8e-fb68523abcc6	22	people	111	117	18	sickened	obj
1124312	314c38ee-1a5f-462a-bd8e-fb68523abcc6	23	in	118	120	26	States	case
1124312	314c38ee-1a5f-462a-bd8e-fb68523abcc6	24	the	121	124	26	States	det
1124312	314c38ee-1a5f-462a-bd8e-fb68523abcc6	25	United	125	131	26	States	compound
1124312	314c38ee-1a5f-462a-bd8e-fb68523abcc6	26	States	132	138	22	people	nmod
1124312	314c38ee-1a5f-462a-bd8e-fb68523abcc6	27	are	139	142	28	likely	cop
1124312	314c38ee-1a5f-462a-bd8e-fb68523abcc6	28	likely	143	149	47	said	ccomp
1124312	314c38ee-1a5f-462a-bd8e-fb68523abcc6	29	to	150	152	31	rare	mark
1124312	314c38ee-1a5f-462a-bd8e-fb68523abcc6	30	be	153	155	31	rare	cop
1124312	314c38ee-1a5f-462a-bd8e-fb68523abcc6	31	rare	156	160	28	likely	xcomp
1124312	314c38ee-1a5f-462a-bd8e-fb68523abcc6	32	in	161	163	33	Britain	case
1124312	314c38ee-1a5f-462a-bd8e-fb68523abcc6	33	Britain	164	171	31	rare	obl
1124312	314c38ee-1a5f-462a-bd8e-fb68523abcc6	34	and	172	175	36	countries	cc
1124312	314c38ee-1a5f-462a-bd8e-fb68523abcc6	35	other	176	181	36	countries	amod
1124312	314c38ee-1a5f-462a-bd8e-fb68523abcc6	36	countries	182	191	33	Britain	conj
1124312	314c38ee-1a5f-462a-bd8e-fb68523abcc6	37	where	192	197	44	used	advmod
1124312	314c38ee-1a5f-462a-bd8e-fb68523abcc6	38	the	198	201	40	products	det
1124312	314c38ee-1a5f-462a-bd8e-fb68523abcc6	39	suspect	202	209	40	products	compound
1124312	314c38ee-1a5f-462a-bd8e-fb68523abcc6	40	products	210	218	44	used	nsubj:pass
1124312	314c38ee-1a5f-462a-bd8e-fb68523abcc6	41	are	219	222	44	used	aux:pass
1124312	314c38ee-1a5f-462a-bd8e-fb68523abcc6	42	not	223	226	44	used	advmod
1124312	314c38ee-1a5f-462a-bd8e-fb68523abcc6	43	widely	227	233	44	used	advmod
1124312	314c38ee-1a5f-462a-bd8e-fb68523abcc6	44	used	234	238	36	countries	acl:relcl
1124312	314c38ee-1a5f-462a-bd8e-fb68523abcc6	45	,	238	239	47	said	punct
1124312	314c38ee-1a5f-462a-bd8e-fb68523abcc6	46	specialists	240	251	47	said	nsubj
1124312	314c38ee-1a5f-462a-bd8e-fb68523abcc6	47	said	252	256	0	root	root
1124312	314c38ee-1a5f-462a-bd8e-fb68523abcc6	48	on	257	259	49	Monday	case
1124312	314c38ee-1a5f-462a-bd8e-fb68523abcc6	49	Monday	260	266	47	said	obl
1124312	314c38ee-1a5f-462a-bd8e-fb68523abcc6	50	.	266	267	47	said	punct
1124312	c89a91b0-c28f-4b84-a368-a88074645421	1	FILE	-1	3	2	PHOTO	compound
1124312	c89a91b0-c28f-4b84-a368-a88074645421	2	PHOTO	4	9	0	root	root
1124312	c89a91b0-c28f-4b84-a368-a88074645421	3	:	9	10	2	PHOTO	punct
1124312	c89a91b0-c28f-4b84-a368-a88074645421	4	A	11	12	5	man	det
1124312	c89a91b0-c28f-4b84-a368-a88074645421	5	man	13	16	6	uses	nsubj
1124312	c89a91b0-c28f-4b84-a368-a88074645421	6	uses	17	21	2	PHOTO	parataxis
1124312	c89a91b0-c28f-4b84-a368-a88074645421	7	a	22	23	9	device	det
1124312	c89a91b0-c28f-4b84-a368-a88074645421	8	vape	24	28	9	device	compound
1124312	c89a91b0-c28f-4b84-a368-a88074645421	9	device	29	35	6	uses	obj
1124312	c89a91b0-c28f-4b84-a368-a88074645421	10	in	36	38	13	picture	case
1124312	c89a91b0-c28f-4b84-a368-a88074645421	11	this	39	43	13	picture	det
1124312	c89a91b0-c28f-4b84-a368-a88074645421	12	illustration	44	56	13	picture	compound
1124312	c89a91b0-c28f-4b84-a368-a88074645421	13	picture	57	64	6	uses	obl
1124312	c89a91b0-c28f-4b84-a368-a88074645421	14	,	64	65	13	picture	punct
1124312	c89a91b0-c28f-4b84-a368-a88074645421	15	September	66	75	13	picture	appos
1124312	c89a91b0-c28f-4b84-a368-a88074645421	16	19	76	78	15	September	nummod
1124312	c89a91b0-c28f-4b84-a368-a88074645421	17	,	78	79	15	September	punct
1124312	c89a91b0-c28f-4b84-a368-a88074645421	18	2019	80	84	15	September	nummod
1124312	c89a91b0-c28f-4b84-a368-a88074645421	19	.	84	85	2	PHOTO	punct
1124312	c91ad31f-5c62-4859-ac28-be871e4c2891	1	REUTERS	0	7	7	Experts	compound
1124312	c91ad31f-5c62-4859-ac28-be871e4c2891	2	/	7	8	3	Adnan	cc
1124312	c91ad31f-5c62-4859-ac28-be871e4c2891	3	Adnan	8	13	1	REUTERS	conj
1124312	c91ad31f-5c62-4859-ac28-be871e4c2891	4	Abidi	14	19	1	REUTERS	flat
1124312	c91ad31f-5c62-4859-ac28-be871e4c2891	5	/	19	20	6	Illustration	cc
1124312	c91ad31f-5c62-4859-ac28-be871e4c2891	6	Illustration	20	32	1	REUTERS	conj
1124312	c91ad31f-5c62-4859-ac28-be871e4c2891	7	Experts	32	39	12	said	nsubj
1124312	c91ad31f-5c62-4859-ac28-be871e4c2891	8	in	40	42	9	toxicology	case
1124312	c91ad31f-5c62-4859-ac28-be871e4c2891	9	toxicology	43	53	7	Experts	nmod
1124312	c91ad31f-5c62-4859-ac28-be871e4c2891	10	and	54	57	11	addiction	cc
1124312	c91ad31f-5c62-4859-ac28-be871e4c2891	11	addiction	58	67	9	toxicology	conj
1124312	c91ad31f-5c62-4859-ac28-be871e4c2891	12	said	68	72	0	root	root
1124312	c91ad31f-5c62-4859-ac28-be871e4c2891	13	they	73	77	15	sure	nsubj
1124312	c91ad31f-5c62-4859-ac28-be871e4c2891	14	are	78	81	15	sure	cop
1124312	c91ad31f-5c62-4859-ac28-be871e4c2891	15	sure	82	86	12	said	ccomp
1124312	c91ad31f-5c62-4859-ac28-be871e4c2891	16	that	87	91	37	phenomenon	mark
1124312	c91ad31f-5c62-4859-ac28-be871e4c2891	17	the	92	95	23	cases	det
1124312	c91ad31f-5c62-4859-ac28-be871e4c2891	18	1,299	96	101	23	cases	nummod
1124312	c91ad31f-5c62-4859-ac28-be871e4c2891	19	confirmed	102	111	23	cases	amod
1124312	c91ad31f-5c62-4859-ac28-be871e4c2891	20	and	112	115	21	probable	cc
1124312	c91ad31f-5c62-4859-ac28-be871e4c2891	21	probable	116	124	19	confirmed	conj
1124312	c91ad31f-5c62-4859-ac28-be871e4c2891	22	American	125	133	23	cases	amod
1124312	c91ad31f-5c62-4859-ac28-be871e4c2891	23	cases	134	139	37	phenomenon	nsubj
1124312	c91ad31f-5c62-4859-ac28-be871e4c2891	24	of	140	142	27	injuries	case
1124312	c91ad31f-5c62-4859-ac28-be871e4c2891	25	serious	143	150	27	injuries	amod
1124312	c91ad31f-5c62-4859-ac28-be871e4c2891	26	lung	151	155	27	injuries	compound
1124312	c91ad31f-5c62-4859-ac28-be871e4c2891	27	injuries	156	164	23	cases	nmod
1124312	c91ad31f-5c62-4859-ac28-be871e4c2891	28	linked	165	171	27	injuries	acl
1124312	c91ad31f-5c62-4859-ac28-be871e4c2891	29	to	172	174	30	vaping	case
1124312	c91ad31f-5c62-4859-ac28-be871e4c2891	30	vaping	175	181	28	linked	obl
1124312	c91ad31f-5c62-4859-ac28-be871e4c2891	31	are	182	185	37	phenomenon	cop
1124312	c91ad31f-5c62-4859-ac28-be871e4c2891	32	“	186	187	37	phenomenon	punct
1124312	c91ad31f-5c62-4859-ac28-be871e4c2891	33	a	187	188	37	phenomenon	det
1124312	c91ad31f-5c62-4859-ac28-be871e4c2891	34	U.S.	189	193	36	specific	obl:npmod
1124312	c91ad31f-5c62-4859-ac28-be871e4c2891	35	-	193	194	36	specific	punct
1124312	c91ad31f-5c62-4859-ac28-be871e4c2891	36	specific	194	202	37	phenomenon	amod
1124312	c91ad31f-5c62-4859-ac28-be871e4c2891	37	phenomenon	203	213	15	sure	ccomp
1124312	c91ad31f-5c62-4859-ac28-be871e4c2891	38	,	213	214	37	phenomenon	punct
1124312	c91ad31f-5c62-4859-ac28-be871e4c2891	39	”	214	215	37	phenomenon	punct
1124312	c91ad31f-5c62-4859-ac28-be871e4c2891	40	and	216	219	42	is	cc
1124312	c91ad31f-5c62-4859-ac28-be871e4c2891	41	there	220	225	42	is	expl
1124312	c91ad31f-5c62-4859-ac28-be871e4c2891	42	is	226	228	37	phenomenon	conj
1124312	c91ad31f-5c62-4859-ac28-be871e4c2891	43	no	229	231	44	evidence	det
1124312	c91ad31f-5c62-4859-ac28-be871e4c2891	44	evidence	232	240	42	is	nsubj
1124312	c91ad31f-5c62-4859-ac28-be871e4c2891	45	of	241	243	48	pattern	case
1124312	c91ad31f-5c62-4859-ac28-be871e4c2891	46	a	244	245	48	pattern	det
1124312	c91ad31f-5c62-4859-ac28-be871e4c2891	47	similar	246	253	48	pattern	amod
1124312	c91ad31f-5c62-4859-ac28-be871e4c2891	48	pattern	254	261	44	evidence	nmod
1124312	c91ad31f-5c62-4859-ac28-be871e4c2891	49	of	262	264	50	illness	case
1124312	c91ad31f-5c62-4859-ac28-be871e4c2891	50	illness	265	272	48	pattern	nmod
1124312	c91ad31f-5c62-4859-ac28-be871e4c2891	51	in	273	275	52	Britain	case
1124312	c91ad31f-5c62-4859-ac28-be871e4c2891	52	Britain	276	283	48	pattern	nmod
1124312	c91ad31f-5c62-4859-ac28-be871e4c2891	53	or	284	286	54	elsewhere	cc
1124312	c91ad31f-5c62-4859-ac28-be871e4c2891	54	elsewhere	287	296	52	Britain	conj
1124312	c91ad31f-5c62-4859-ac28-be871e4c2891	55	.	296	297	12	said	punct
1124312	c91ad31f-5c62-4859-ac28-be871e4c2891	56	“	297	298	12	said	punct
1124312	736ec17b-889b-464d-969c-d9e7e3c61c29	1	What	-1	3	3	happening	nsubj
1124312	736ec17b-889b-464d-969c-d9e7e3c61c29	2	’s	3	5	3	happening	aux
1124312	736ec17b-889b-464d-969c-d9e7e3c61c29	3	happening	6	15	30	said	ccomp
1124312	736ec17b-889b-464d-969c-d9e7e3c61c29	4	in	16	18	6	U.S.	case
1124312	736ec17b-889b-464d-969c-d9e7e3c61c29	5	the	19	22	6	U.S.	det
1124312	736ec17b-889b-464d-969c-d9e7e3c61c29	6	U.S.	23	27	3	happening	obl
1124312	736ec17b-889b-464d-969c-d9e7e3c61c29	7	is	28	30	9	happening	aux
1124312	736ec17b-889b-464d-969c-d9e7e3c61c29	8	not	31	34	9	happening	advmod
1124312	736ec17b-889b-464d-969c-d9e7e3c61c29	9	happening	35	44	30	said	ccomp
1124312	736ec17b-889b-464d-969c-d9e7e3c61c29	10	here	45	49	9	happening	advmod
1124312	736ec17b-889b-464d-969c-d9e7e3c61c29	11	(	50	51	13	Britain	punct
1124312	736ec17b-889b-464d-969c-d9e7e3c61c29	12	in	51	53	13	Britain	case
1124312	736ec17b-889b-464d-969c-d9e7e3c61c29	13	Britain	54	61	9	happening	obl
1124312	736ec17b-889b-464d-969c-d9e7e3c61c29	14	)	61	62	13	Britain	punct
1124312	736ec17b-889b-464d-969c-d9e7e3c61c29	15	,	62	63	19	happening	punct
1124312	736ec17b-889b-464d-969c-d9e7e3c61c29	16	nor	64	67	19	happening	cc
1124312	736ec17b-889b-464d-969c-d9e7e3c61c29	17	is	68	70	19	happening	aux
1124312	736ec17b-889b-464d-969c-d9e7e3c61c29	18	it	71	73	19	happening	nsubj
1124312	736ec17b-889b-464d-969c-d9e7e3c61c29	19	happening	74	83	9	happening	conj
1124312	736ec17b-889b-464d-969c-d9e7e3c61c29	20	in	84	86	23	countries	case
1124312	736ec17b-889b-464d-969c-d9e7e3c61c29	21	any	87	90	23	countries	det
1124312	736ec17b-889b-464d-969c-d9e7e3c61c29	22	other	91	96	23	countries	amod
1124312	736ec17b-889b-464d-969c-d9e7e3c61c29	23	countries	97	106	19	happening	obl
1124312	736ec17b-889b-464d-969c-d9e7e3c61c29	24	where	107	112	27	common	advmod
1124312	736ec17b-889b-464d-969c-d9e7e3c61c29	25	vaping	113	119	27	common	nsubj
1124312	736ec17b-889b-464d-969c-d9e7e3c61c29	26	is	120	122	27	common	cop
1124312	736ec17b-889b-464d-969c-d9e7e3c61c29	27	common	123	129	23	countries	acl:relcl
1124312	736ec17b-889b-464d-969c-d9e7e3c61c29	28	,	129	130	30	said	punct
1124312	736ec17b-889b-464d-969c-d9e7e3c61c29	29	”	130	131	30	said	punct
1124312	736ec17b-889b-464d-969c-d9e7e3c61c29	30	said	132	136	0	root	root
1124312	736ec17b-889b-464d-969c-d9e7e3c61c29	31	John	137	141	30	said	nsubj
1124312	736ec17b-889b-464d-969c-d9e7e3c61c29	32	Britton	142	149	31	John	flat
1124312	736ec17b-889b-464d-969c-d9e7e3c61c29	33	,	149	150	31	John	punct
1124312	736ec17b-889b-464d-969c-d9e7e3c61c29	34	a	151	152	35	professor	det
1124312	736ec17b-889b-464d-969c-d9e7e3c61c29	35	professor	153	162	31	John	appos
1124312	736ec17b-889b-464d-969c-d9e7e3c61c29	36	and	163	166	39	consultant	cc
1124312	736ec17b-889b-464d-969c-d9e7e3c61c29	37	respiratory	167	178	38	medicine	amod
1124312	736ec17b-889b-464d-969c-d9e7e3c61c29	38	medicine	179	187	39	consultant	compound
1124312	736ec17b-889b-464d-969c-d9e7e3c61c29	39	consultant	188	198	35	professor	conj
1124312	736ec17b-889b-464d-969c-d9e7e3c61c29	40	and	199	202	41	director	cc
1124312	736ec17b-889b-464d-969c-d9e7e3c61c29	41	director	203	211	31	John	conj
1124312	736ec17b-889b-464d-969c-d9e7e3c61c29	42	of	212	214	45	Centre	case
1124312	736ec17b-889b-464d-969c-d9e7e3c61c29	43	the	215	218	45	Centre	det
1124312	736ec17b-889b-464d-969c-d9e7e3c61c29	44	UK	219	221	45	Centre	compound
1124312	736ec17b-889b-464d-969c-d9e7e3c61c29	45	Centre	222	228	41	director	nmod
1124312	736ec17b-889b-464d-969c-d9e7e3c61c29	46	for	229	232	50	Studies	case
1124312	736ec17b-889b-464d-969c-d9e7e3c61c29	47	Tobacco	233	240	50	Studies	compound
1124312	736ec17b-889b-464d-969c-d9e7e3c61c29	48	&	241	242	49	Alcohol	cc
1124312	736ec17b-889b-464d-969c-d9e7e3c61c29	49	Alcohol	243	250	47	Tobacco	conj
1124312	736ec17b-889b-464d-969c-d9e7e3c61c29	50	Studies	251	258	45	Centre	nmod
1124312	736ec17b-889b-464d-969c-d9e7e3c61c29	51	at	259	261	53	University	case
1124312	736ec17b-889b-464d-969c-d9e7e3c61c29	52	Nottingham	262	272	53	University	compound
1124312	736ec17b-889b-464d-969c-d9e7e3c61c29	53	University	273	283	50	Studies	nmod
1124312	736ec17b-889b-464d-969c-d9e7e3c61c29	54	.	283	284	30	said	punct
1124312	b6d00056-4e73-407c-9953-62dad1a7afed	1	“	-1	0	0	root	root
1124312	22238b4c-2c8c-4438-90be-c2e9b2158910	1	It	-1	1	5	problem	nsubj
1124312	22238b4c-2c8c-4438-90be-c2e9b2158910	2	’s	1	3	5	problem	cop
1124312	22238b4c-2c8c-4438-90be-c2e9b2158910	3	a	4	5	5	problem	det
1124312	22238b4c-2c8c-4438-90be-c2e9b2158910	4	localised	6	15	5	problem	amod
1124312	22238b4c-2c8c-4438-90be-c2e9b2158910	5	problem	16	23	9	told	ccomp
1124312	22238b4c-2c8c-4438-90be-c2e9b2158910	6	,	23	24	9	told	punct
1124312	22238b4c-2c8c-4438-90be-c2e9b2158910	7	”	24	25	9	told	punct
1124312	22238b4c-2c8c-4438-90be-c2e9b2158910	8	he	26	28	9	told	nsubj
1124312	22238b4c-2c8c-4438-90be-c2e9b2158910	9	told	29	33	0	root	root
1124312	22238b4c-2c8c-4438-90be-c2e9b2158910	10	a	34	35	12	briefing	det
1124312	22238b4c-2c8c-4438-90be-c2e9b2158910	11	London	36	42	12	briefing	compound
1124312	22238b4c-2c8c-4438-90be-c2e9b2158910	12	briefing	43	51	9	told	obj
1124312	22238b4c-2c8c-4438-90be-c2e9b2158910	13	.	51	52	9	told	punct
1124312	ac205b3f-fe66-406a-a41f-5b0f37fffa5e	1	U.S.	-1	3	2	investigators	compound
1124312	ac205b3f-fe66-406a-a41f-5b0f37fffa5e	2	investigators	4	17	7	said	nsubj
1124312	ac205b3f-fe66-406a-a41f-5b0f37fffa5e	3	and	18	21	5	officials	cc
1124312	ac205b3f-fe66-406a-a41f-5b0f37fffa5e	4	health	22	28	5	officials	compound
1124312	ac205b3f-fe66-406a-a41f-5b0f37fffa5e	5	officials	29	38	2	investigators	conj
1124312	ac205b3f-fe66-406a-a41f-5b0f37fffa5e	6	have	39	43	7	said	aux
1124312	ac205b3f-fe66-406a-a41f-5b0f37fffa5e	7	said	44	48	0	root	root
1124312	ac205b3f-fe66-406a-a41f-5b0f37fffa5e	8	there	49	54	11	more	expl
1124312	ac205b3f-fe66-406a-a41f-5b0f37fffa5e	9	may	55	58	11	more	aux
1124312	ac205b3f-fe66-406a-a41f-5b0f37fffa5e	10	be	59	61	11	more	cop
1124312	ac205b3f-fe66-406a-a41f-5b0f37fffa5e	11	more	62	66	7	said	ccomp
1124312	ac205b3f-fe66-406a-a41f-5b0f37fffa5e	12	than	67	71	14	cause	case
1124312	ac205b3f-fe66-406a-a41f-5b0f37fffa5e	13	one	72	75	14	cause	nummod
1124312	ac205b3f-fe66-406a-a41f-5b0f37fffa5e	14	cause	76	81	11	more	obl
1124312	ac205b3f-fe66-406a-a41f-5b0f37fffa5e	15	for	82	85	17	cases	case
1124312	ac205b3f-fe66-406a-a41f-5b0f37fffa5e	16	the	86	89	17	cases	det
1124312	ac205b3f-fe66-406a-a41f-5b0f37fffa5e	17	cases	90	95	14	cause	nmod
1124312	ac205b3f-fe66-406a-a41f-5b0f37fffa5e	18	of	96	98	21	illness	case
1124312	ac205b3f-fe66-406a-a41f-5b0f37fffa5e	19	vaping	99	105	21	illness	compound
1124312	ac205b3f-fe66-406a-a41f-5b0f37fffa5e	20	lung	106	110	21	illness	compound
1124312	ac205b3f-fe66-406a-a41f-5b0f37fffa5e	21	illness	111	118	17	cases	nmod
1124312	ac205b3f-fe66-406a-a41f-5b0f37fffa5e	22	.	118	119	7	said	punct
1124312	176cb354-925a-4cee-a455-ebc6d6a02ebf	1	They	0	4	4	pointed	nsubj
1124312	176cb354-925a-4cee-a455-ebc6d6a02ebf	2	have	5	9	4	pointed	aux
1124312	176cb354-925a-4cee-a455-ebc6d6a02ebf	3	also	10	14	4	pointed	advmod
