38	6ba0e97c-9f78-4d5d-b03f-4423dff16073	1	If	0	2	if
38	6ba0e97c-9f78-4d5d-b03f-4423dff16073	2	you	3	6	you
38	6ba0e97c-9f78-4d5d-b03f-4423dff16073	3	ask	7	10	ask
38	6ba0e97c-9f78-4d5d-b03f-4423dff16073	4	City	11	15	City
38	6ba0e97c-9f78-4d5d-b03f-4423dff16073	5	Manager	16	23	manager
38	6ba0e97c-9f78-4d5d-b03f-4423dff16073	6	T.C.	24	28	T.C.
38	6ba0e97c-9f78-4d5d-b03f-4423dff16073	7	Broadnax	29	37	Broadnax
38	6ba0e97c-9f78-4d5d-b03f-4423dff16073	8	or	38	40	or
38	6ba0e97c-9f78-4d5d-b03f-4423dff16073	9	Police	41	47	Police
38	6ba0e97c-9f78-4d5d-b03f-4423dff16073	10	Chief	48	53	Chief
38	6ba0e97c-9f78-4d5d-b03f-4423dff16073	11	U.	54	56	U.
38	6ba0e97c-9f78-4d5d-b03f-4423dff16073	12	Renee	57	62	Renee
38	9914211c-f9ad-4008-8c40-52a98e39b9f6	1	Hall	0	4	Hall
38	9914211c-f9ad-4008-8c40-52a98e39b9f6	2	about	5	10	about
38	9914211c-f9ad-4008-8c40-52a98e39b9f6	3	crime	11	16	crime
38	9914211c-f9ad-4008-8c40-52a98e39b9f6	4	in	17	19	in
38	9914211c-f9ad-4008-8c40-52a98e39b9f6	5	Dallas	20	26	Dallas
38	9914211c-f9ad-4008-8c40-52a98e39b9f6	6	,	26	27	,
38	9914211c-f9ad-4008-8c40-52a98e39b9f6	7	they	28	32	they
38	9914211c-f9ad-4008-8c40-52a98e39b9f6	8	’ll	32	35	will
38	9914211c-f9ad-4008-8c40-52a98e39b9f6	9	tell	36	40	tell
38	9914211c-f9ad-4008-8c40-52a98e39b9f6	10	you	41	44	you
38	9914211c-f9ad-4008-8c40-52a98e39b9f6	11	that	45	49	that
38	9914211c-f9ad-4008-8c40-52a98e39b9f6	12	major	50	55	major
38	9914211c-f9ad-4008-8c40-52a98e39b9f6	13	crimes	56	62	crime
38	9914211c-f9ad-4008-8c40-52a98e39b9f6	14	are	63	66	be
38	9914211c-f9ad-4008-8c40-52a98e39b9f6	15	down	67	71	down
38	9914211c-f9ad-4008-8c40-52a98e39b9f6	16	.	71	72	.
38	44beb770-a40d-4d5d-8d28-44dc182f3cf9	1	But	0	3	but
38	44beb770-a40d-4d5d-8d28-44dc182f3cf9	2	as	4	6	as
38	44beb770-a40d-4d5d-8d28-44dc182f3cf9	3	we	7	9	we
38	44beb770-a40d-4d5d-8d28-44dc182f3cf9	4	peruse	10	16	peruse
38	44beb770-a40d-4d5d-8d28-44dc182f3cf9	5	the	17	20	the
38	44beb770-a40d-4d5d-8d28-44dc182f3cf9	6	city	21	25	city
38	44beb770-a40d-4d5d-8d28-44dc182f3cf9	7	’s	25	27	's
38	44beb770-a40d-4d5d-8d28-44dc182f3cf9	8	own	28	31	own
38	44beb770-a40d-4d5d-8d28-44dc182f3cf9	9	database	32	40	database
38	44beb770-a40d-4d5d-8d28-44dc182f3cf9	10	two	41	44	two
38	44beb770-a40d-4d5d-8d28-44dc182f3cf9	11	deadly	45	51	deadly
38	44beb770-a40d-4d5d-8d28-44dc182f3cf9	12	crimes	52	58	crime
38	44beb770-a40d-4d5d-8d28-44dc182f3cf9	13	stand	59	64	stand
38	44beb770-a40d-4d5d-8d28-44dc182f3cf9	14	out	65	68	out
38	44beb770-a40d-4d5d-8d28-44dc182f3cf9	15	:	68	69	:
38	44beb770-a40d-4d5d-8d28-44dc182f3cf9	16	weapons	70	77	weapon
38	44beb770-a40d-4d5d-8d28-44dc182f3cf9	17	and	78	81	and
38	44beb770-a40d-4d5d-8d28-44dc182f3cf9	18	drugs	82	87	drug
38	44beb770-a40d-4d5d-8d28-44dc182f3cf9	19	.	87	88	.
38	037071bc-5741-4ef2-a635-07c9be02d154	1	According	-1	8	accord
38	037071bc-5741-4ef2-a635-07c9be02d154	2	to	9	11	to
38	037071bc-5741-4ef2-a635-07c9be02d154	3	the	12	15	the
38	037071bc-5741-4ef2-a635-07c9be02d154	4	Dallas	16	22	Dallas
38	037071bc-5741-4ef2-a635-07c9be02d154	5	Police	23	29	Police
38	037071bc-5741-4ef2-a635-07c9be02d154	6	Department	30	40	Department
38	037071bc-5741-4ef2-a635-07c9be02d154	7	’s	40	42	's
38	037071bc-5741-4ef2-a635-07c9be02d154	8	weekly	43	49	weekly
38	037071bc-5741-4ef2-a635-07c9be02d154	9	report	50	56	report
38	037071bc-5741-4ef2-a635-07c9be02d154	10	to	57	59	to
38	037071bc-5741-4ef2-a635-07c9be02d154	11	City	60	64	City
38	037071bc-5741-4ef2-a635-07c9be02d154	12	Council	65	72	Council
38	037071bc-5741-4ef2-a635-07c9be02d154	13	members	73	80	member
38	037071bc-5741-4ef2-a635-07c9be02d154	14	,	80	81	,
38	037071bc-5741-4ef2-a635-07c9be02d154	15	weapons	82	89	weapon
38	037071bc-5741-4ef2-a635-07c9be02d154	16	violations	90	100	violation
38	037071bc-5741-4ef2-a635-07c9be02d154	17	citywide	101	109	citywide
38	037071bc-5741-4ef2-a635-07c9be02d154	18	are	110	113	be
38	037071bc-5741-4ef2-a635-07c9be02d154	19	up	114	116	up
38	037071bc-5741-4ef2-a635-07c9be02d154	20	69	117	119	69
38	037071bc-5741-4ef2-a635-07c9be02d154	21	percent	120	127	percent
38	037071bc-5741-4ef2-a635-07c9be02d154	22	so	128	130	so
38	037071bc-5741-4ef2-a635-07c9be02d154	23	far	131	134	far
38	037071bc-5741-4ef2-a635-07c9be02d154	24	this	135	139	this
38	037071bc-5741-4ef2-a635-07c9be02d154	25	year	140	144	year
38	037071bc-5741-4ef2-a635-07c9be02d154	26	.	144	145	.
38	0e99e7fc-cbd7-4e73-8a8a-5c6ddb890bea	1	Drug	0	4	drug
38	0e99e7fc-cbd7-4e73-8a8a-5c6ddb890bea	2	and	5	8	and
38	0e99e7fc-cbd7-4e73-8a8a-5c6ddb890bea	3	narcotics	9	18	narcotics
38	0e99e7fc-cbd7-4e73-8a8a-5c6ddb890bea	4	offenses	19	27	offense
38	0e99e7fc-cbd7-4e73-8a8a-5c6ddb890bea	5	are	28	31	be
38	0e99e7fc-cbd7-4e73-8a8a-5c6ddb890bea	6	up	32	34	up
38	0e99e7fc-cbd7-4e73-8a8a-5c6ddb890bea	7	57	35	37	57
38	0e99e7fc-cbd7-4e73-8a8a-5c6ddb890bea	8	percent	38	45	percent
38	0e99e7fc-cbd7-4e73-8a8a-5c6ddb890bea	9	.	45	46	.
38	65e8cc6b-445b-4250-ab7c-ff4997e5e1c8	1	What	-1	3	what
38	65e8cc6b-445b-4250-ab7c-ff4997e5e1c8	2	brought	4	11	bring
38	65e8cc6b-445b-4250-ab7c-ff4997e5e1c8	3	these	12	17	these
38	65e8cc6b-445b-4250-ab7c-ff4997e5e1c8	4	statistics	18	28	statistic
38	65e8cc6b-445b-4250-ab7c-ff4997e5e1c8	5	onto	29	33	onto
38	65e8cc6b-445b-4250-ab7c-ff4997e5e1c8	6	our	34	37	we
38	65e8cc6b-445b-4250-ab7c-ff4997e5e1c8	7	radar	38	43	radar
38	65e8cc6b-445b-4250-ab7c-ff4997e5e1c8	8	was	44	47	be
38	65e8cc6b-445b-4250-ab7c-ff4997e5e1c8	9	the	48	51	the
38	65e8cc6b-445b-4250-ab7c-ff4997e5e1c8	10	arrest	52	58	arrest
38	65e8cc6b-445b-4250-ab7c-ff4997e5e1c8	11	Saturday	59	67	Saturday
38	65e8cc6b-445b-4250-ab7c-ff4997e5e1c8	12	of	68	70	of
38	65e8cc6b-445b-4250-ab7c-ff4997e5e1c8	13	Rene	71	75	Rene
38	65e8cc6b-445b-4250-ab7c-ff4997e5e1c8	14	Eduardo	76	83	Eduardo
38	65e8cc6b-445b-4250-ab7c-ff4997e5e1c8	15	Montanez	84	92	Montanez
38	65e8cc6b-445b-4250-ab7c-ff4997e5e1c8	16	Jr.	93	96	Jr.
38	65e8cc6b-445b-4250-ab7c-ff4997e5e1c8	17	on	97	99	on
38	65e8cc6b-445b-4250-ab7c-ff4997e5e1c8	18	a	100	101	a
38	65e8cc6b-445b-4250-ab7c-ff4997e5e1c8	19	capital	102	109	capital
38	65e8cc6b-445b-4250-ab7c-ff4997e5e1c8	20	murder	110	116	murder
38	65e8cc6b-445b-4250-ab7c-ff4997e5e1c8	21	charge	117	123	charge
38	65e8cc6b-445b-4250-ab7c-ff4997e5e1c8	22	in	124	126	in
38	65e8cc6b-445b-4250-ab7c-ff4997e5e1c8	23	the	127	130	the
38	65e8cc6b-445b-4250-ab7c-ff4997e5e1c8	24	death	131	136	death
38	65e8cc6b-445b-4250-ab7c-ff4997e5e1c8	25	of	137	139	of
38	65e8cc6b-445b-4250-ab7c-ff4997e5e1c8	26	Joseph	140	146	Joseph
38	65e8cc6b-445b-4250-ab7c-ff4997e5e1c8	27	Anthony	147	154	Anthony
38	65e8cc6b-445b-4250-ab7c-ff4997e5e1c8	28	Pintucci	155	163	Pintucci
38	65e8cc6b-445b-4250-ab7c-ff4997e5e1c8	29	,	163	164	,
38	65e8cc6b-445b-4250-ab7c-ff4997e5e1c8	30	an	165	167	a
38	65e8cc6b-445b-4250-ab7c-ff4997e5e1c8	31	18	168	170	18
38	65e8cc6b-445b-4250-ab7c-ff4997e5e1c8	32	-	170	171	-
38	65e8cc6b-445b-4250-ab7c-ff4997e5e1c8	33	year	171	175	year
38	65e8cc6b-445b-4250-ab7c-ff4997e5e1c8	34	-	175	176	-
38	65e8cc6b-445b-4250-ab7c-ff4997e5e1c8	35	old	176	179	old
38	65e8cc6b-445b-4250-ab7c-ff4997e5e1c8	36	former	180	186	former
38	65e8cc6b-445b-4250-ab7c-ff4997e5e1c8	37	Highland	187	195	Highland
38	65e8cc6b-445b-4250-ab7c-ff4997e5e1c8	38	Park	196	200	Park
38	65e8cc6b-445b-4250-ab7c-ff4997e5e1c8	39	High	201	205	High
38	65e8cc6b-445b-4250-ab7c-ff4997e5e1c8	40	School	206	212	School
38	65e8cc6b-445b-4250-ab7c-ff4997e5e1c8	41	student	213	220	student
38	65e8cc6b-445b-4250-ab7c-ff4997e5e1c8	42	.	220	221	.
38	f8f8a41f-e527-4ea5-8972-ae0991b666c1	1	Police	0	6	police
38	f8f8a41f-e527-4ea5-8972-ae0991b666c1	2	describe	7	15	describe
38	f8f8a41f-e527-4ea5-8972-ae0991b666c1	3	the	16	19	the
38	f8f8a41f-e527-4ea5-8972-ae0991b666c1	4	incident	20	28	incident
38	f8f8a41f-e527-4ea5-8972-ae0991b666c1	5	as	29	31	as
38	f8f8a41f-e527-4ea5-8972-ae0991b666c1	6	a	32	33	a
38	f8f8a41f-e527-4ea5-8972-ae0991b666c1	7	drug	34	38	drug
38	f8f8a41f-e527-4ea5-8972-ae0991b666c1	8	deal	39	43	deal
38	f8f8a41f-e527-4ea5-8972-ae0991b666c1	9	gone	44	48	go
38	f8f8a41f-e527-4ea5-8972-ae0991b666c1	10	bad	49	52	bad
38	f8f8a41f-e527-4ea5-8972-ae0991b666c1	11	in	53	55	in
38	f8f8a41f-e527-4ea5-8972-ae0991b666c1	12	a	56	57	a
38	f8f8a41f-e527-4ea5-8972-ae0991b666c1	13	parking	58	65	parking
38	f8f8a41f-e527-4ea5-8972-ae0991b666c1	14	garage	66	72	garage
38	f8f8a41f-e527-4ea5-8972-ae0991b666c1	15	.	72	73	.
38	b32a798d-15b6-48bb-9466-578d5044688d	1	Pintucci	0	8	Pintucci
38	b32a798d-15b6-48bb-9466-578d5044688d	2	’s	8	10	's
38	b32a798d-15b6-48bb-9466-578d5044688d	3	death	11	16	death
38	b32a798d-15b6-48bb-9466-578d5044688d	4	has	17	20	have
38	b32a798d-15b6-48bb-9466-578d5044688d	5	drawn	21	26	draw
38	b32a798d-15b6-48bb-9466-578d5044688d	6	a	27	28	a
38	b32a798d-15b6-48bb-9466-578d5044688d	7	great	29	34	great
38	b32a798d-15b6-48bb-9466-578d5044688d	8	deal	35	39	deal
38	b32a798d-15b6-48bb-9466-578d5044688d	9	of	40	42	of
38	b32a798d-15b6-48bb-9466-578d5044688d	10	attention	43	52	attention
38	b32a798d-15b6-48bb-9466-578d5044688d	11	,	52	53	,
38	b32a798d-15b6-48bb-9466-578d5044688d	12	but	54	57	but
38	b32a798d-15b6-48bb-9466-578d5044688d	13	a	58	59	a
38	b32a798d-15b6-48bb-9466-578d5044688d	14	quick	60	65	quick
38	b32a798d-15b6-48bb-9466-578d5044688d	15	review	66	72	review
38	b32a798d-15b6-48bb-9466-578d5044688d	16	of	73	75	of
38	b32a798d-15b6-48bb-9466-578d5044688d	17	this	76	80	this
38	b32a798d-15b6-48bb-9466-578d5044688d	18	newspaper	81	90	newspaper
38	b32a798d-15b6-48bb-9466-578d5044688d	19	’s	90	92	's
38	b32a798d-15b6-48bb-9466-578d5044688d	20	files	93	98	file
38	b32a798d-15b6-48bb-9466-578d5044688d	21	reveal	99	105	reveal
38	b32a798d-15b6-48bb-9466-578d5044688d	22	many	106	110	many
38	b32a798d-15b6-48bb-9466-578d5044688d	23	other	111	116	other
38	b32a798d-15b6-48bb-9466-578d5044688d	24	such	117	121	such
38	b32a798d-15b6-48bb-9466-578d5044688d	25	drug	122	126	drug
38	b32a798d-15b6-48bb-9466-578d5044688d	26	-	126	127	-
38	b32a798d-15b6-48bb-9466-578d5044688d	27	related	127	134	related
38	b32a798d-15b6-48bb-9466-578d5044688d	28	acts	135	139	act
38	b32a798d-15b6-48bb-9466-578d5044688d	29	of	140	142	of
38	b32a798d-15b6-48bb-9466-578d5044688d	30	violence	143	151	violence
38	b32a798d-15b6-48bb-9466-578d5044688d	31	.	151	152	.
38	54a1f933-ac71-4671-8263-f7578cbee481	1	Here	-1	3	here
38	54a1f933-ac71-4671-8263-f7578cbee481	2	are	4	7	be
38	54a1f933-ac71-4671-8263-f7578cbee481	3	the	8	11	the
38	54a1f933-ac71-4671-8263-f7578cbee481	4	details	12	19	detail
38	54a1f933-ac71-4671-8263-f7578cbee481	5	as	20	22	as
38	54a1f933-ac71-4671-8263-f7578cbee481	6	we	23	25	we
38	54a1f933-ac71-4671-8263-f7578cbee481	7	know	26	30	know
38	54a1f933-ac71-4671-8263-f7578cbee481	8	them	31	35	they
38	54a1f933-ac71-4671-8263-f7578cbee481	9	about	36	41	about
38	54a1f933-ac71-4671-8263-f7578cbee481	10	Pintucci	42	50	Pintucci
38	54a1f933-ac71-4671-8263-f7578cbee481	11	’s	50	52	's
38	54a1f933-ac71-4671-8263-f7578cbee481	12	shooting	53	61	shooting
38	54a1f933-ac71-4671-8263-f7578cbee481	13	last	62	66	last
38	54a1f933-ac71-4671-8263-f7578cbee481	14	week	67	71	week
38	54a1f933-ac71-4671-8263-f7578cbee481	15	at	72	74	at
38	54a1f933-ac71-4671-8263-f7578cbee481	16	the	75	78	the
38	54a1f933-ac71-4671-8263-f7578cbee481	17	Shops	79	84	Shops
38	54a1f933-ac71-4671-8263-f7578cbee481	18	at	85	87	at
38	54a1f933-ac71-4671-8263-f7578cbee481	19	Park	88	92	Park
38	54a1f933-ac71-4671-8263-f7578cbee481	20	Lane	93	97	Lane
38	54a1f933-ac71-4671-8263-f7578cbee481	21	.	97	98	.
38	6f1bcc6f-58da-4c6a-8961-a5dccab8e45d	1	Police	0	6	police
38	6f1bcc6f-58da-4c6a-8961-a5dccab8e45d	2	said	7	11	say
38	6f1bcc6f-58da-4c6a-8961-a5dccab8e45d	3	he	12	14	he
38	6f1bcc6f-58da-4c6a-8961-a5dccab8e45d	4	had	15	18	have
38	6f1bcc6f-58da-4c6a-8961-a5dccab8e45d	5	used	19	23	use
38	6f1bcc6f-58da-4c6a-8961-a5dccab8e45d	6	a	24	25	a
38	6f1bcc6f-58da-4c6a-8961-a5dccab8e45d	7	social	26	32	social
38	6f1bcc6f-58da-4c6a-8961-a5dccab8e45d	8	media	33	38	media
38	6f1bcc6f-58da-4c6a-8961-a5dccab8e45d	9	app	39	42	app
38	6f1bcc6f-58da-4c6a-8961-a5dccab8e45d	10	to	43	45	to
38	6f1bcc6f-58da-4c6a-8961-a5dccab8e45d	11	arrange	46	53	arrange
38	6f1bcc6f-58da-4c6a-8961-a5dccab8e45d	12	a	54	55	a
38	6f1bcc6f-58da-4c6a-8961-a5dccab8e45d	13	drug	56	60	drug
38	6f1bcc6f-58da-4c6a-8961-a5dccab8e45d	14	sale	61	65	sale
38	6f1bcc6f-58da-4c6a-8961-a5dccab8e45d	15	,	65	66	,
38	6f1bcc6f-58da-4c6a-8961-a5dccab8e45d	16	according	67	76	accord
38	6f1bcc6f-58da-4c6a-8961-a5dccab8e45d	17	to	77	79	to
38	6f1bcc6f-58da-4c6a-8961-a5dccab8e45d	18	an	80	82	a
38	6f1bcc6f-58da-4c6a-8961-a5dccab8e45d	19	arrest	83	89	arrest
38	6f1bcc6f-58da-4c6a-8961-a5dccab8e45d	20	-	89	90	-
38	6f1bcc6f-58da-4c6a-8961-a5dccab8e45d	21	warrant	90	97	warrant
38	6f1bcc6f-58da-4c6a-8961-a5dccab8e45d	22	affidavit	98	107	affidavit
38	6f1bcc6f-58da-4c6a-8961-a5dccab8e45d	23	.	107	108	.
38	0a8948d7-bab1-4259-9682-a0cb9f30a0d5	1	He	0	2	he
38	0a8948d7-bab1-4259-9682-a0cb9f30a0d5	2	was	3	6	be
38	0a8948d7-bab1-4259-9682-a0cb9f30a0d5	3	in	7	9	in
38	0a8948d7-bab1-4259-9682-a0cb9f30a0d5	4	his	10	13	he
38	0a8948d7-bab1-4259-9682-a0cb9f30a0d5	5	car	14	17	car
38	0a8948d7-bab1-4259-9682-a0cb9f30a0d5	6	with	18	22	with
38	0a8948d7-bab1-4259-9682-a0cb9f30a0d5	7	two	23	26	two
38	0a8948d7-bab1-4259-9682-a0cb9f30a0d5	8	other	27	32	other
38	0a8948d7-bab1-4259-9682-a0cb9f30a0d5	9	people	33	39	people
38	0a8948d7-bab1-4259-9682-a0cb9f30a0d5	10	when	40	44	when
38	0a8948d7-bab1-4259-9682-a0cb9f30a0d5	11	Montanez	45	53	Montanez
38	0a8948d7-bab1-4259-9682-a0cb9f30a0d5	12	and	54	57	and
38	0a8948d7-bab1-4259-9682-a0cb9f30a0d5	13	two	58	61	two
38	0a8948d7-bab1-4259-9682-a0cb9f30a0d5	14	men	62	65	man
38	0a8948d7-bab1-4259-9682-a0cb9f30a0d5	15	pulled	66	72	pull
38	0a8948d7-bab1-4259-9682-a0cb9f30a0d5	16	guns	73	77	gun
38	0a8948d7-bab1-4259-9682-a0cb9f30a0d5	17	and	78	81	and
38	0a8948d7-bab1-4259-9682-a0cb9f30a0d5	18	stole	82	87	steal
38	0a8948d7-bab1-4259-9682-a0cb9f30a0d5	19	the	88	91	the
38	0a8948d7-bab1-4259-9682-a0cb9f30a0d5	20	drugs	92	97	drug
38	0a8948d7-bab1-4259-9682-a0cb9f30a0d5	21	from	98	102	from
38	0a8948d7-bab1-4259-9682-a0cb9f30a0d5	22	him	103	106	he
38	0a8948d7-bab1-4259-9682-a0cb9f30a0d5	23	,	106	107	,
38	0a8948d7-bab1-4259-9682-a0cb9f30a0d5	24	according	108	117	accord
38	0a8948d7-bab1-4259-9682-a0cb9f30a0d5	25	to	118	120	to
38	0a8948d7-bab1-4259-9682-a0cb9f30a0d5	26	the	121	124	the
38	0a8948d7-bab1-4259-9682-a0cb9f30a0d5	27	affidavit	125	134	affidavit
38	0a8948d7-bab1-4259-9682-a0cb9f30a0d5	28	.	134	135	.
38	1c3f6678-3e6b-408f-b7eb-3c8b16af1bf7	1	One	0	3	one
38	1c3f6678-3e6b-408f-b7eb-3c8b16af1bf7	2	of	4	6	of
38	1c3f6678-3e6b-408f-b7eb-3c8b16af1bf7	3	the	7	10	the
38	1c3f6678-3e6b-408f-b7eb-3c8b16af1bf7	4	men	11	14	man
38	1c3f6678-3e6b-408f-b7eb-3c8b16af1bf7	5	shot	15	19	shoot
38	1c3f6678-3e6b-408f-b7eb-3c8b16af1bf7	6	Pintucci	20	28	Pintucci
38	1c3f6678-3e6b-408f-b7eb-3c8b16af1bf7	7	,	28	29	,
38	1c3f6678-3e6b-408f-b7eb-3c8b16af1bf7	8	who	30	33	who
38	1c3f6678-3e6b-408f-b7eb-3c8b16af1bf7	9	later	34	39	later
38	1c3f6678-3e6b-408f-b7eb-3c8b16af1bf7	10	died	40	44	die
38	1c3f6678-3e6b-408f-b7eb-3c8b16af1bf7	11	,	44	45	,
38	1c3f6678-3e6b-408f-b7eb-3c8b16af1bf7	12	as	46	48	as
38	1c3f6678-3e6b-408f-b7eb-3c8b16af1bf7	13	the	49	52	the
38	1c3f6678-3e6b-408f-b7eb-3c8b16af1bf7	14	trio	53	57	trio
38	1c3f6678-3e6b-408f-b7eb-3c8b16af1bf7	15	fled	58	62	fly
38	1c3f6678-3e6b-408f-b7eb-3c8b16af1bf7	16	on	63	65	on
38	1c3f6678-3e6b-408f-b7eb-3c8b16af1bf7	17	foot	66	70	foot
38	1c3f6678-3e6b-408f-b7eb-3c8b16af1bf7	18	,	70	71	,
38	1c3f6678-3e6b-408f-b7eb-3c8b16af1bf7	19	the	72	75	the
38	1c3f6678-3e6b-408f-b7eb-3c8b16af1bf7	20	affidavit	76	85	affidavit
38	1c3f6678-3e6b-408f-b7eb-3c8b16af1bf7	21	says	86	90	say
38	1c3f6678-3e6b-408f-b7eb-3c8b16af1bf7	22	.	90	91	.
102	3146ea5c-1d56-46ee-9496-26a2696c9793	1	Infection	0	9	infection
102	3146ea5c-1d56-46ee-9496-26a2696c9793	2	control	10	17	control
102	3146ea5c-1d56-46ee-9496-26a2696c9793	3	experts	18	25	expert
102	3146ea5c-1d56-46ee-9496-26a2696c9793	4	are	26	29	be
102	3146ea5c-1d56-46ee-9496-26a2696c9793	5	escalating	30	40	escalate
102	3146ea5c-1d56-46ee-9496-26a2696c9793	6	their	41	46	they
102	3146ea5c-1d56-46ee-9496-26a2696c9793	7	warfare	47	54	warfare
102	3146ea5c-1d56-46ee-9496-26a2696c9793	8	against	55	62	against
102	3146ea5c-1d56-46ee-9496-26a2696c9793	9	hospital	63	71	hospital
102	3146ea5c-1d56-46ee-9496-26a2696c9793	10	microbes	72	80	microbe
102	3146ea5c-1d56-46ee-9496-26a2696c9793	11	with	81	85	with
102	3146ea5c-1d56-46ee-9496-26a2696c9793	12	the	86	89	the
102	3146ea5c-1d56-46ee-9496-26a2696c9793	13	development	90	101	development
102	3146ea5c-1d56-46ee-9496-26a2696c9793	14	of	102	104	of
102	3146ea5c-1d56-46ee-9496-26a2696c9793	15	Star	105	109	Star
102	3146ea5c-1d56-46ee-9496-26a2696c9793	16	Wars	110	114	Wars
102	3146ea5c-1d56-46ee-9496-26a2696c9793	17	-	114	115	-
102	3146ea5c-1d56-46ee-9496-26a2696c9793	18	like	115	119	like
102	3146ea5c-1d56-46ee-9496-26a2696c9793	19	technology	120	130	technology
102	3146ea5c-1d56-46ee-9496-26a2696c9793	20	that	131	135	that
102	3146ea5c-1d56-46ee-9496-26a2696c9793	21	uses	136	140	use
102	3146ea5c-1d56-46ee-9496-26a2696c9793	22	ultraviolet	141	152	ultraviolet
102	3146ea5c-1d56-46ee-9496-26a2696c9793	23	energy	153	159	energy
102	3146ea5c-1d56-46ee-9496-26a2696c9793	24	to	160	162	to
102	3146ea5c-1d56-46ee-9496-26a2696c9793	25	destroy	163	170	destroy
102	3146ea5c-1d56-46ee-9496-26a2696c9793	26	rogue	171	176	rogue
102	3146ea5c-1d56-46ee-9496-26a2696c9793	27	pathogens	177	186	pathogen
102	3146ea5c-1d56-46ee-9496-26a2696c9793	28	finding	187	194	find
102	3146ea5c-1d56-46ee-9496-26a2696c9793	29	their	195	200	they
102	3146ea5c-1d56-46ee-9496-26a2696c9793	30	way	201	204	way
102	3146ea5c-1d56-46ee-9496-26a2696c9793	31	into	205	209	into
102	3146ea5c-1d56-46ee-9496-26a2696c9793	32	hospitals	210	219	hospital
102	3146ea5c-1d56-46ee-9496-26a2696c9793	33	.	219	220	.
102	f20a7c32-16e6-4830-a481-ac58c76d5156	1	The	-1	2	the
102	f20a7c32-16e6-4830-a481-ac58c76d5156	2	Northwell	3	12	Northwell
102	f20a7c32-16e6-4830-a481-ac58c76d5156	3	Health	13	19	Health
102	f20a7c32-16e6-4830-a481-ac58c76d5156	4	network	20	27	network
102	f20a7c32-16e6-4830-a481-ac58c76d5156	5	is	28	30	be
102	f20a7c32-16e6-4830-a481-ac58c76d5156	6	working	31	38	work
102	f20a7c32-16e6-4830-a481-ac58c76d5156	7	with	39	43	with
102	f20a7c32-16e6-4830-a481-ac58c76d5156	8	medical	44	51	medical
102	f20a7c32-16e6-4830-a481-ac58c76d5156	9	technology	52	62	technology
102	f20a7c32-16e6-4830-a481-ac58c76d5156	10	developer	63	72	developer
102	f20a7c32-16e6-4830-a481-ac58c76d5156	11	PurpleSun	73	82	PurpleSun
102	f20a7c32-16e6-4830-a481-ac58c76d5156	12	in	83	85	in
102	f20a7c32-16e6-4830-a481-ac58c76d5156	13	Manhattan	86	95	Manhattan
102	f20a7c32-16e6-4830-a481-ac58c76d5156	14	on	96	98	on
102	f20a7c32-16e6-4830-a481-ac58c76d5156	15	the	99	102	the
102	f20a7c32-16e6-4830-a481-ac58c76d5156	16	technology	103	113	technology
102	f20a7c32-16e6-4830-a481-ac58c76d5156	17	.	113	114	.
102	533149ba-55ae-4a45-a6fd-6ac34a6f5f31	1	They	0	4	they
102	533149ba-55ae-4a45-a6fd-6ac34a6f5f31	2	are	5	8	be
102	533149ba-55ae-4a45-a6fd-6ac34a6f5f31	3	testing	9	16	test
102	533149ba-55ae-4a45-a6fd-6ac34a6f5f31	4	a	17	18	a
102	533149ba-55ae-4a45-a6fd-6ac34a6f5f31	5	type	19	23	type
102	533149ba-55ae-4a45-a6fd-6ac34a6f5f31	6	of	24	26	of
102	533149ba-55ae-4a45-a6fd-6ac34a6f5f31	7	disinfecting	27	39	disinfecting
102	533149ba-55ae-4a45-a6fd-6ac34a6f5f31	8	device	40	46	device
102	533149ba-55ae-4a45-a6fd-6ac34a6f5f31	9	that	47	51	that
102	533149ba-55ae-4a45-a6fd-6ac34a6f5f31	10	uses	52	56	use
102	533149ba-55ae-4a45-a6fd-6ac34a6f5f31	11	a	57	58	a
102	533149ba-55ae-4a45-a6fd-6ac34a6f5f31	12	strength	59	67	strength
102	533149ba-55ae-4a45-a6fd-6ac34a6f5f31	13	of	68	70	of
102	533149ba-55ae-4a45-a6fd-6ac34a6f5f31	14	ultraviolet	71	82	ultraviolet
102	533149ba-55ae-4a45-a6fd-6ac34a6f5f31	15	light	83	88	light
102	533149ba-55ae-4a45-a6fd-6ac34a6f5f31	16	equivalent	89	99	equivalent
102	533149ba-55ae-4a45-a6fd-6ac34a6f5f31	17	to	100	102	to
102	533149ba-55ae-4a45-a6fd-6ac34a6f5f31	18	the	103	106	the
102	533149ba-55ae-4a45-a6fd-6ac34a6f5f31	19	most	107	111	most
102	533149ba-55ae-4a45-a6fd-6ac34a6f5f31	20	intense	112	119	intense
102	533149ba-55ae-4a45-a6fd-6ac34a6f5f31	21	UV	120	122	UV
102	533149ba-55ae-4a45-a6fd-6ac34a6f5f31	22	light	123	128	light
102	533149ba-55ae-4a45-a6fd-6ac34a6f5f31	23	emitted	129	136	emit
102	533149ba-55ae-4a45-a6fd-6ac34a6f5f31	24	by	137	139	by
102	533149ba-55ae-4a45-a6fd-6ac34a6f5f31	25	the	140	143	the
102	533149ba-55ae-4a45-a6fd-6ac34a6f5f31	26	sun	144	147	sun
102	533149ba-55ae-4a45-a6fd-6ac34a6f5f31	27	—	148	149	-
102	533149ba-55ae-4a45-a6fd-6ac34a6f5f31	28	but	150	153	but
102	533149ba-55ae-4a45-a6fd-6ac34a6f5f31	29	is	154	156	be
102	533149ba-55ae-4a45-a6fd-6ac34a6f5f31	30	blocked	157	164	block
102	533149ba-55ae-4a45-a6fd-6ac34a6f5f31	31	by	165	167	by
102	533149ba-55ae-4a45-a6fd-6ac34a6f5f31	32	earth	168	173	earth
102	533149ba-55ae-4a45-a6fd-6ac34a6f5f31	33	’s	173	175	's
102	533149ba-55ae-4a45-a6fd-6ac34a6f5f31	34	upper	176	181	upper
102	533149ba-55ae-4a45-a6fd-6ac34a6f5f31	35	atmosphere	182	192	atmosphere
102	533149ba-55ae-4a45-a6fd-6ac34a6f5f31	36	.	192	193	.
102	dca04a01-fa45-4373-8757-1a5433aae331	1	The	-1	2	the
102	dca04a01-fa45-4373-8757-1a5433aae331	2	ultraviolet	3	14	ultraviolet
102	dca04a01-fa45-4373-8757-1a5433aae331	3	light	15	20	light
102	dca04a01-fa45-4373-8757-1a5433aae331	4	system	21	27	system
102	dca04a01-fa45-4373-8757-1a5433aae331	5	,	27	28	,
102	dca04a01-fa45-4373-8757-1a5433aae331	6	which	29	34	which
102	dca04a01-fa45-4373-8757-1a5433aae331	7	has	35	38	have
102	dca04a01-fa45-4373-8757-1a5433aae331	8	not	39	42	not
102	dca04a01-fa45-4373-8757-1a5433aae331	9	yet	43	46	yet
102	dca04a01-fa45-4373-8757-1a5433aae331	10	been	47	51	be
102	dca04a01-fa45-4373-8757-1a5433aae331	11	sold	52	56	sell
102	dca04a01-fa45-4373-8757-1a5433aae331	12	commercially	57	69	commercially
102	dca04a01-fa45-4373-8757-1a5433aae331	13	,	69	70	,
102	dca04a01-fa45-4373-8757-1a5433aae331	14	has	71	74	have
102	dca04a01-fa45-4373-8757-1a5433aae331	15	a	75	76	a
102	dca04a01-fa45-4373-8757-1a5433aae331	16	98	77	79	98
102	dca04a01-fa45-4373-8757-1a5433aae331	17	percent	80	87	percent
102	dca04a01-fa45-4373-8757-1a5433aae331	18	kill	88	92	kill
102	dca04a01-fa45-4373-8757-1a5433aae331	19	-	92	93	-
102	dca04a01-fa45-4373-8757-1a5433aae331	20	rate	93	97	rate
102	dca04a01-fa45-4373-8757-1a5433aae331	21	,	97	98	,
102	dca04a01-fa45-4373-8757-1a5433aae331	22	a	99	100	a
102	dca04a01-fa45-4373-8757-1a5433aae331	23	Northwell	101	110	Northwell
102	dca04a01-fa45-4373-8757-1a5433aae331	24	analysis	111	119	analysis
102	dca04a01-fa45-4373-8757-1a5433aae331	25	of	120	122	of
102	dca04a01-fa45-4373-8757-1a5433aae331	26	the	123	126	the
102	dca04a01-fa45-4373-8757-1a5433aae331	27	UV	127	129	UV
102	dca04a01-fa45-4373-8757-1a5433aae331	28	device	130	136	device
102	dca04a01-fa45-4373-8757-1a5433aae331	29	has	137	140	have
102	dca04a01-fa45-4373-8757-1a5433aae331	30	shown	141	146	show
102	dca04a01-fa45-4373-8757-1a5433aae331	31	.	146	147	.
102	85f73045-4907-4232-b982-f7de953e4e7c	1	“	-1	0	"
102	92b43b78-5e0b-4fbb-920d-1698f287e630	1	The	-1	2	the
102	92b43b78-5e0b-4fbb-920d-1698f287e630	2	ultraviolet	3	14	ultraviolet
102	92b43b78-5e0b-4fbb-920d-1698f287e630	3	light	15	20	light
102	92b43b78-5e0b-4fbb-920d-1698f287e630	4	with	21	25	with
102	92b43b78-5e0b-4fbb-920d-1698f287e630	5	its	26	29	its
102	92b43b78-5e0b-4fbb-920d-1698f287e630	6	current	30	37	current
102	92b43b78-5e0b-4fbb-920d-1698f287e630	7	intensity	38	47	intensity
102	92b43b78-5e0b-4fbb-920d-1698f287e630	8	is	48	50	be
102	92b43b78-5e0b-4fbb-920d-1698f287e630	9	able	51	55	able
102	92b43b78-5e0b-4fbb-920d-1698f287e630	10	to	56	58	to
102	92b43b78-5e0b-4fbb-920d-1698f287e630	11	disinfect	59	68	disinfect
102	92b43b78-5e0b-4fbb-920d-1698f287e630	12	the	69	72	the
102	92b43b78-5e0b-4fbb-920d-1698f287e630	13	environment	73	84	environment
102	92b43b78-5e0b-4fbb-920d-1698f287e630	14	within	85	91	within
102	92b43b78-5e0b-4fbb-920d-1698f287e630	15	90	92	94	90
102	92b43b78-5e0b-4fbb-920d-1698f287e630	16	seconds	95	102	seconds
102	92b43b78-5e0b-4fbb-920d-1698f287e630	17	,	102	103	,
102	92b43b78-5e0b-4fbb-920d-1698f287e630	18	”	103	104	"
102	92b43b78-5e0b-4fbb-920d-1698f287e630	19	said	105	109	say
102	92b43b78-5e0b-4fbb-920d-1698f287e630	20	Donna	110	115	Donna
102	92b43b78-5e0b-4fbb-920d-1698f287e630	21	Armellino	116	125	Armellino
102	92b43b78-5e0b-4fbb-920d-1698f287e630	22	,	125	126	,
102	92b43b78-5e0b-4fbb-920d-1698f287e630	23	vice	127	131	vice
102	92b43b78-5e0b-4fbb-920d-1698f287e630	24	president	132	141	president
102	92b43b78-5e0b-4fbb-920d-1698f287e630	25	for	142	145	for
102	92b43b78-5e0b-4fbb-920d-1698f287e630	26	infection	146	155	infection
102	92b43b78-5e0b-4fbb-920d-1698f287e630	27	prevention	156	166	prevention
102	92b43b78-5e0b-4fbb-920d-1698f287e630	28	for	167	170	for
102	92b43b78-5e0b-4fbb-920d-1698f287e630	29	the	171	174	the
102	92b43b78-5e0b-4fbb-920d-1698f287e630	30	health	175	181	health
102	92b43b78-5e0b-4fbb-920d-1698f287e630	31	system	182	188	system
102	92b43b78-5e0b-4fbb-920d-1698f287e630	32	.	188	189	.
102	434110bc-5a1b-4c78-b132-99bc84b7f273	1	She	0	3	she
102	434110bc-5a1b-4c78-b132-99bc84b7f273	2	said	4	8	say
102	434110bc-5a1b-4c78-b132-99bc84b7f273	3	Northwell	9	18	Northwell
102	434110bc-5a1b-4c78-b132-99bc84b7f273	4	will	19	23	will
102	434110bc-5a1b-4c78-b132-99bc84b7f273	5	deploy	24	30	deploy
102	434110bc-5a1b-4c78-b132-99bc84b7f273	6	the	31	34	the
102	434110bc-5a1b-4c78-b132-99bc84b7f273	7	device	35	41	device
102	434110bc-5a1b-4c78-b132-99bc84b7f273	8	in	42	44	in
102	434110bc-5a1b-4c78-b132-99bc84b7f273	9	its	45	48	its
102	434110bc-5a1b-4c78-b132-99bc84b7f273	10	operating	49	58	operating
102	434110bc-5a1b-4c78-b132-99bc84b7f273	11	rooms	59	64	room
102	434110bc-5a1b-4c78-b132-99bc84b7f273	12	this	65	69	this
102	434110bc-5a1b-4c78-b132-99bc84b7f273	13	year	70	74	year
102	434110bc-5a1b-4c78-b132-99bc84b7f273	14	as	75	77	as
102	434110bc-5a1b-4c78-b132-99bc84b7f273	15	a	78	79	a
102	434110bc-5a1b-4c78-b132-99bc84b7f273	16	new	80	83	new
102	434110bc-5a1b-4c78-b132-99bc84b7f273	17	method	84	90	method
102	434110bc-5a1b-4c78-b132-99bc84b7f273	18	of	91	93	of
102	434110bc-5a1b-4c78-b132-99bc84b7f273	19	sterilizing	94	105	sterilize
102	434110bc-5a1b-4c78-b132-99bc84b7f273	20	everything	106	116	everything
102	434110bc-5a1b-4c78-b132-99bc84b7f273	21	from	117	121	from
102	434110bc-5a1b-4c78-b132-99bc84b7f273	22	surgical	122	130	surgical
102	434110bc-5a1b-4c78-b132-99bc84b7f273	23	tables	131	137	table
102	434110bc-5a1b-4c78-b132-99bc84b7f273	24	and	138	141	and
102	434110bc-5a1b-4c78-b132-99bc84b7f273	25	operating	142	151	operating
102	434110bc-5a1b-4c78-b132-99bc84b7f273	26	room	152	156	room
102	434110bc-5a1b-4c78-b132-99bc84b7f273	27	equipment	157	166	equipment
102	434110bc-5a1b-4c78-b132-99bc84b7f273	28	to	167	169	to
102	434110bc-5a1b-4c78-b132-99bc84b7f273	29	complex	170	177	complex
102	434110bc-5a1b-4c78-b132-99bc84b7f273	30	tools	178	183	tool
102	434110bc-5a1b-4c78-b132-99bc84b7f273	31	such	184	188	such
102	434110bc-5a1b-4c78-b132-99bc84b7f273	32	as	189	191	as
102	434110bc-5a1b-4c78-b132-99bc84b7f273	33	the	192	195	the
102	434110bc-5a1b-4c78-b132-99bc84b7f273	34	da	196	198	da
102	434110bc-5a1b-4c78-b132-99bc84b7f273	35	Vinci	199	204	Vinci
102	434110bc-5a1b-4c78-b132-99bc84b7f273	36	surgical	205	213	surgical
102	434110bc-5a1b-4c78-b132-99bc84b7f273	37	robot	214	219	robot
102	434110bc-5a1b-4c78-b132-99bc84b7f273	38	.	219	220	.
102	db52774a-6050-46cc-a830-e3f5de64be7a	1	She	-1	2	she
102	db52774a-6050-46cc-a830-e3f5de64be7a	2	expects	3	10	expect
102	db52774a-6050-46cc-a830-e3f5de64be7a	3	the	11	14	the
102	db52774a-6050-46cc-a830-e3f5de64be7a	4	technology	15	25	technology
102	db52774a-6050-46cc-a830-e3f5de64be7a	5	to	26	28	to
102	db52774a-6050-46cc-a830-e3f5de64be7a	6	be	29	31	be
102	db52774a-6050-46cc-a830-e3f5de64be7a	7	used	32	36	use
102	db52774a-6050-46cc-a830-e3f5de64be7a	8	in	37	39	in
102	db52774a-6050-46cc-a830-e3f5de64be7a	9	other	40	45	other
102	db52774a-6050-46cc-a830-e3f5de64be7a	10	parts	46	51	part
102	db52774a-6050-46cc-a830-e3f5de64be7a	11	of	52	54	of
102	db52774a-6050-46cc-a830-e3f5de64be7a	12	Northwell	55	64	Northwell
102	db52774a-6050-46cc-a830-e3f5de64be7a	13	`s	64	66	's
102	db52774a-6050-46cc-a830-e3f5de64be7a	14	system	67	73	system
102	db52774a-6050-46cc-a830-e3f5de64be7a	15	next	74	78	next
102	db52774a-6050-46cc-a830-e3f5de64be7a	16	year	79	83	year
102	db52774a-6050-46cc-a830-e3f5de64be7a	17	.	83	84	.
102	360d89c8-2cb9-44d8-b305-b8f42d06df53	1	One	0	3	one
102	360d89c8-2cb9-44d8-b305-b8f42d06df53	2	aim	4	7	aim
102	360d89c8-2cb9-44d8-b305-b8f42d06df53	3	of	8	10	of
102	360d89c8-2cb9-44d8-b305-b8f42d06df53	4	the	11	14	the
102	360d89c8-2cb9-44d8-b305-b8f42d06df53	5	joint	15	20	joint
102	360d89c8-2cb9-44d8-b305-b8f42d06df53	6	venture	21	28	venture
102	360d89c8-2cb9-44d8-b305-b8f42d06df53	7	between	29	36	between
102	360d89c8-2cb9-44d8-b305-b8f42d06df53	8	the	37	40	the
102	360d89c8-2cb9-44d8-b305-b8f42d06df53	9	health	41	47	health
102	360d89c8-2cb9-44d8-b305-b8f42d06df53	10	care	48	52	care
102	360d89c8-2cb9-44d8-b305-b8f42d06df53	11	giant	53	58	giant
102	360d89c8-2cb9-44d8-b305-b8f42d06df53	12	and	59	62	and
102	360d89c8-2cb9-44d8-b305-b8f42d06df53	13	PurpleSun	63	72	PurpleSun
102	360d89c8-2cb9-44d8-b305-b8f42d06df53	14	is	73	75	be
102	360d89c8-2cb9-44d8-b305-b8f42d06df53	15	to	76	78	to
102	360d89c8-2cb9-44d8-b305-b8f42d06df53	16	move	79	83	move
102	360d89c8-2cb9-44d8-b305-b8f42d06df53	17	toward	84	90	toward
102	360d89c8-2cb9-44d8-b305-b8f42d06df53	18	a	91	92	a
102	360d89c8-2cb9-44d8-b305-b8f42d06df53	19	greater	93	100	greater
102	360d89c8-2cb9-44d8-b305-b8f42d06df53	20	use	101	104	use
102	360d89c8-2cb9-44d8-b305-b8f42d06df53	21	of	105	107	of
102	360d89c8-2cb9-44d8-b305-b8f42d06df53	22	UV	108	110	UV
102	360d89c8-2cb9-44d8-b305-b8f42d06df53	23	light	111	116	light
102	360d89c8-2cb9-44d8-b305-b8f42d06df53	24	because	117	124	because
102	360d89c8-2cb9-44d8-b305-b8f42d06df53	25	of	125	127	of
102	360d89c8-2cb9-44d8-b305-b8f42d06df53	26	its	128	131	its
102	360d89c8-2cb9-44d8-b305-b8f42d06df53	27	potent	132	138	potent
102	360d89c8-2cb9-44d8-b305-b8f42d06df53	28	sterilization	139	152	sterilization
102	360d89c8-2cb9-44d8-b305-b8f42d06df53	29	capacity	153	161	capacity
102	360d89c8-2cb9-44d8-b305-b8f42d06df53	30	.	161	162	.
102	03883203-b29f-4eb3-b0af-aea1de6c7c06	1	Although	-1	7	although
102	03883203-b29f-4eb3-b0af-aea1de6c7c06	2	ultraviolet	8	19	ultraviolet
102	d9224798-8ec7-41b4-aff1-4656929446a6	1	C	0	1	c
102	d9224798-8ec7-41b4-aff1-4656929446a6	2	radiation	2	11	radiation
102	d9224798-8ec7-41b4-aff1-4656929446a6	3	appears	12	19	appear
102	d9224798-8ec7-41b4-aff1-4656929446a6	4	highly	20	26	highly
102	d9224798-8ec7-41b4-aff1-4656929446a6	5	effective	27	36	effective
102	d9224798-8ec7-41b4-aff1-4656929446a6	6	,	36	37	,
102	d9224798-8ec7-41b4-aff1-4656929446a6	7	Armellino	38	47	Armellino
102	d9224798-8ec7-41b4-aff1-4656929446a6	8	underscored	48	59	underscore
102	d9224798-8ec7-41b4-aff1-4656929446a6	9	that	60	64	that
102	d9224798-8ec7-41b4-aff1-4656929446a6	10	the	65	68	the
102	d9224798-8ec7-41b4-aff1-4656929446a6	11	technology	69	79	technology
102	d9224798-8ec7-41b4-aff1-4656929446a6	12	will	80	84	will
102	d9224798-8ec7-41b4-aff1-4656929446a6	13	not	85	88	not
102	d9224798-8ec7-41b4-aff1-4656929446a6	14	entirely	89	97	entirely
102	d9224798-8ec7-41b4-aff1-4656929446a6	15	replace	98	105	replace
102	d9224798-8ec7-41b4-aff1-4656929446a6	16	manual	106	112	manual
102	d9224798-8ec7-41b4-aff1-4656929446a6	17	disinfection	113	125	disinfection
102	d9224798-8ec7-41b4-aff1-4656929446a6	18	with	126	130	with
102	d9224798-8ec7-41b4-aff1-4656929446a6	19	chemical	131	139	chemical
102	d9224798-8ec7-41b4-aff1-4656929446a6	20	compounds	140	149	compound
102	d9224798-8ec7-41b4-aff1-4656929446a6	21	.	149	150	.
102	d3baaa9c-cc7e-4000-912c-33b4bce56b48	1	The	-1	2	the
102	d3baaa9c-cc7e-4000-912c-33b4bce56b48	2	device	3	9	device
102	d3baaa9c-cc7e-4000-912c-33b4bce56b48	3	arrives	10	17	arrive
102	d3baaa9c-cc7e-4000-912c-33b4bce56b48	4	as	18	20	as
102	d3baaa9c-cc7e-4000-912c-33b4bce56b48	5	the	21	24	the
102	d3baaa9c-cc7e-4000-912c-33b4bce56b48	6	health	25	31	health
102	d3baaa9c-cc7e-4000-912c-33b4bce56b48	7	care	32	36	care
102	d3baaa9c-cc7e-4000-912c-33b4bce56b48	8	industry	37	45	industry
102	d3baaa9c-cc7e-4000-912c-33b4bce56b48	9	awaits	46	52	await
102	d3baaa9c-cc7e-4000-912c-33b4bce56b48	10	the	53	56	the
102	d3baaa9c-cc7e-4000-912c-33b4bce56b48	11	Centers	57	64	Centers
102	d3baaa9c-cc7e-4000-912c-33b4bce56b48	12	for	65	68	for
102	d3baaa9c-cc7e-4000-912c-33b4bce56b48	13	Disease	69	76	Disease
102	d3baaa9c-cc7e-4000-912c-33b4bce56b48	14	Control	77	84	Control
102	d3baaa9c-cc7e-4000-912c-33b4bce56b48	15	and	85	88	and
102	d3baaa9c-cc7e-4000-912c-33b4bce56b48	16	Prevention	89	99	Prevention
102	d3baaa9c-cc7e-4000-912c-33b4bce56b48	17	’s	99	101	's
102	d3baaa9c-cc7e-4000-912c-33b4bce56b48	18	updated	102	109	update
102	d3baaa9c-cc7e-4000-912c-33b4bce56b48	19	list	110	114	list
102	d3baaa9c-cc7e-4000-912c-33b4bce56b48	20	of	115	117	of
102	d3baaa9c-cc7e-4000-912c-33b4bce56b48	21	potentially	118	129	potentially
102	d3baaa9c-cc7e-4000-912c-33b4bce56b48	22	deadly	130	136	deadly
102	d3baaa9c-cc7e-4000-912c-33b4bce56b48	23	pathogens	137	146	pathogen
102	d3baaa9c-cc7e-4000-912c-33b4bce56b48	24	,	146	147	,
102	d3baaa9c-cc7e-4000-912c-33b4bce56b48	25	which	148	153	which
102	d3baaa9c-cc7e-4000-912c-33b4bce56b48	26	is	154	156	be
102	d3baaa9c-cc7e-4000-912c-33b4bce56b48	27	expected	157	165	expect
102	d3baaa9c-cc7e-4000-912c-33b4bce56b48	28	to	166	168	to
102	d3baaa9c-cc7e-4000-912c-33b4bce56b48	29	be	169	171	be
102	d3baaa9c-cc7e-4000-912c-33b4bce56b48	30	published	172	181	publish
102	d3baaa9c-cc7e-4000-912c-33b4bce56b48	31	this	182	186	this
102	d3baaa9c-cc7e-4000-912c-33b4bce56b48	32	fall	187	191	fall
102	d3baaa9c-cc7e-4000-912c-33b4bce56b48	33	.	191	192	.
102	5400c68b-46b5-4e65-93c2-443fef8cba6f	1	Six	0	3	six
102	5400c68b-46b5-4e65-93c2-443fef8cba6f	2	years	4	9	year
102	5400c68b-46b5-4e65-93c2-443fef8cba6f	3	ago	10	13	ago
102	5400c68b-46b5-4e65-93c2-443fef8cba6f	4	,	13	14	,
102	5400c68b-46b5-4e65-93c2-443fef8cba6f	5	the	15	18	the
102	5400c68b-46b5-4e65-93c2-443fef8cba6f	6	CDC	19	22	CDC
102	5400c68b-46b5-4e65-93c2-443fef8cba6f	7	released	23	31	release
102	5400c68b-46b5-4e65-93c2-443fef8cba6f	8	its	32	35	its
102	5400c68b-46b5-4e65-93c2-443fef8cba6f	9	first	36	41	first
102	5400c68b-46b5-4e65-93c2-443fef8cba6f	10	list	42	46	list
102	5400c68b-46b5-4e65-93c2-443fef8cba6f	11	of	47	49	of
102	5400c68b-46b5-4e65-93c2-443fef8cba6f	12	18	50	52	18
102	5400c68b-46b5-4e65-93c2-443fef8cba6f	13	rogue	53	58	rogue
102	5400c68b-46b5-4e65-93c2-443fef8cba6f	14	pathogens	59	68	pathogen
102	5400c68b-46b5-4e65-93c2-443fef8cba6f	15	known	69	74	know
102	5400c68b-46b5-4e65-93c2-443fef8cba6f	16	to	75	77	to
102	5400c68b-46b5-4e65-93c2-443fef8cba6f	17	infiltrate	78	88	infiltrate
102	5400c68b-46b5-4e65-93c2-443fef8cba6f	18	health	89	95	health
102	5400c68b-46b5-4e65-93c2-443fef8cba6f	19	care	96	100	care
102	5400c68b-46b5-4e65-93c2-443fef8cba6f	20	settings	101	109	setting
102	5400c68b-46b5-4e65-93c2-443fef8cba6f	21	.	109	110	.
102	27d2c7ed-b74a-4755-a95d-253943cdfc16	1	Two	-1	2	two
102	27d2c7ed-b74a-4755-a95d-253943cdfc16	2	weeks	3	8	week
102	27d2c7ed-b74a-4755-a95d-253943cdfc16	3	ago	9	12	ago
102	27d2c7ed-b74a-4755-a95d-253943cdfc16	4	,	12	13	,
102	27d2c7ed-b74a-4755-a95d-253943cdfc16	5	the	14	17	the
102	27d2c7ed-b74a-4755-a95d-253943cdfc16	6	World	18	23	World
102	27d2c7ed-b74a-4755-a95d-253943cdfc16	7	Health	24	30	Health
102	27d2c7ed-b74a-4755-a95d-253943cdfc16	8	Organization	31	43	Organization
102	27d2c7ed-b74a-4755-a95d-253943cdfc16	9	listed	44	50	list
102	27d2c7ed-b74a-4755-a95d-253943cdfc16	10	drug	51	55	drug
102	27d2c7ed-b74a-4755-a95d-253943cdfc16	11	-	55	56	-
102	27d2c7ed-b74a-4755-a95d-253943cdfc16	12	resistant	56	65	resistant
102	27d2c7ed-b74a-4755-a95d-253943cdfc16	13	so	66	68	so
102	27d2c7ed-b74a-4755-a95d-253943cdfc16	14	-	68	69	-
102	27d2c7ed-b74a-4755-a95d-253943cdfc16	15	called	69	75	call
102	27d2c7ed-b74a-4755-a95d-253943cdfc16	16	"	76	77	"
102	27d2c7ed-b74a-4755-a95d-253943cdfc16	17	superbugs	77	86	superbug
102	27d2c7ed-b74a-4755-a95d-253943cdfc16	18	"	86	87	"
102	27d2c7ed-b74a-4755-a95d-253943cdfc16	19	as	88	90	as
102	27d2c7ed-b74a-4755-a95d-253943cdfc16	20	one	91	94	one
102	27d2c7ed-b74a-4755-a95d-253943cdfc16	21	the	95	98	the
102	27d2c7ed-b74a-4755-a95d-253943cdfc16	22	top	99	102	top
102	27d2c7ed-b74a-4755-a95d-253943cdfc16	23	10	103	105	10
102	27d2c7ed-b74a-4755-a95d-253943cdfc16	24	global	106	112	global
102	27d2c7ed-b74a-4755-a95d-253943cdfc16	25	health	113	119	health
102	27d2c7ed-b74a-4755-a95d-253943cdfc16	26	threats	120	127	threat
102	27d2c7ed-b74a-4755-a95d-253943cdfc16	27	for	128	131	for
102	27d2c7ed-b74a-4755-a95d-253943cdfc16	28	2019	132	136	2019
102	27d2c7ed-b74a-4755-a95d-253943cdfc16	29	.	136	137	.
102	414fcb1f-3ec4-489a-8d71-ee01175df738	1	Drug	0	4	drug
102	414fcb1f-3ec4-489a-8d71-ee01175df738	2	resistance	5	15	resistance
102	414fcb1f-3ec4-489a-8d71-ee01175df738	3	is	16	18	be
102	414fcb1f-3ec4-489a-8d71-ee01175df738	4	expected	19	27	expect
102	414fcb1f-3ec4-489a-8d71-ee01175df738	5	to	28	30	to
102	414fcb1f-3ec4-489a-8d71-ee01175df738	6	be	31	33	be
102	414fcb1f-3ec4-489a-8d71-ee01175df738	7	the	34	37	the
102	414fcb1f-3ec4-489a-8d71-ee01175df738	8	leading	38	45	lead
102	414fcb1f-3ec4-489a-8d71-ee01175df738	9	cause	46	51	cause
102	414fcb1f-3ec4-489a-8d71-ee01175df738	10	of	52	54	of
102	414fcb1f-3ec4-489a-8d71-ee01175df738	11	death	55	60	death
102	414fcb1f-3ec4-489a-8d71-ee01175df738	12	by	61	63	by
102	414fcb1f-3ec4-489a-8d71-ee01175df738	13	2050	64	68	2050
102	414fcb1f-3ec4-489a-8d71-ee01175df738	14	,	68	69	,
102	414fcb1f-3ec4-489a-8d71-ee01175df738	15	outstripping	70	82	outstrippe
102	414fcb1f-3ec4-489a-8d71-ee01175df738	16	heart	83	88	heart
102	414fcb1f-3ec4-489a-8d71-ee01175df738	17	disease	89	96	disease
102	414fcb1f-3ec4-489a-8d71-ee01175df738	18	and	97	100	and
102	414fcb1f-3ec4-489a-8d71-ee01175df738	19	cancer	101	107	cancer
102	414fcb1f-3ec4-489a-8d71-ee01175df738	20	unless	108	114	unless
102	414fcb1f-3ec4-489a-8d71-ee01175df738	21	measures	115	123	measure
102	414fcb1f-3ec4-489a-8d71-ee01175df738	22	are	124	127	be
102	414fcb1f-3ec4-489a-8d71-ee01175df738	23	taken	128	133	take
102	414fcb1f-3ec4-489a-8d71-ee01175df738	24	to	134	136	to
102	414fcb1f-3ec4-489a-8d71-ee01175df738	25	beat	137	141	beat
102	414fcb1f-3ec4-489a-8d71-ee01175df738	26	back	142	146	back
102	414fcb1f-3ec4-489a-8d71-ee01175df738	27	the	147	150	the
102	414fcb1f-3ec4-489a-8d71-ee01175df738	28	bugs	151	155	bug
102	414fcb1f-3ec4-489a-8d71-ee01175df738	29	.	155	156	.
102	fe1569f4-302a-424f-a9c0-75343a7a295f	1	Get	-1	2	get
102	fe1569f4-302a-424f-a9c0-75343a7a295f	2	the	3	6	the
102	fe1569f4-302a-424f-a9c0-75343a7a295f	3	Breaking	7	15	breaking
102	fe1569f4-302a-424f-a9c0-75343a7a295f	4	News	16	20	News
102	fe1569f4-302a-424f-a9c0-75343a7a295f	5	newsletter	21	31	newsletter
102	fe1569f4-302a-424f-a9c0-75343a7a295f	6	!	31	32	!
102	0783905e-d7fa-40ec-8f80-cca231046d9e	1	Get	0	3	get
102	0783905e-d7fa-40ec-8f80-cca231046d9e	2	the	4	7	the
102	0783905e-d7fa-40ec-8f80-cca231046d9e	3	latest	8	14	latest
102	0783905e-d7fa-40ec-8f80-cca231046d9e	4	breaking	15	23	breaking
102	0783905e-d7fa-40ec-8f80-cca231046d9e	5	news	24	28	news
102	0783905e-d7fa-40ec-8f80-cca231046d9e	6	as	29	31	as
102	0783905e-d7fa-40ec-8f80-cca231046d9e	7	it	32	34	it
102	0783905e-d7fa-40ec-8f80-cca231046d9e	8	happens	35	42	happen
102	0783905e-d7fa-40ec-8f80-cca231046d9e	9	.	42	43	.
102	77056b3d-8d46-4ef8-9f5d-2b07007f5192	1	By	0	2	by
102	77056b3d-8d46-4ef8-9f5d-2b07007f5192	2	clicking	3	11	click
102	77056b3d-8d46-4ef8-9f5d-2b07007f5192	3	Sign	12	16	sign
102	77056b3d-8d46-4ef8-9f5d-2b07007f5192	4	up	17	19	up
102	77056b3d-8d46-4ef8-9f5d-2b07007f5192	5	,	19	20	,
102	77056b3d-8d46-4ef8-9f5d-2b07007f5192	6	you	21	24	you
102	77056b3d-8d46-4ef8-9f5d-2b07007f5192	7	agree	25	30	agree
102	77056b3d-8d46-4ef8-9f5d-2b07007f5192	8	to	31	33	to
102	77056b3d-8d46-4ef8-9f5d-2b07007f5192	9	our	34	37	we
102	77056b3d-8d46-4ef8-9f5d-2b07007f5192	10	privacy	38	45	privacy
102	77056b3d-8d46-4ef8-9f5d-2b07007f5192	11	policy	46	52	policy
102	77056b3d-8d46-4ef8-9f5d-2b07007f5192	12	.	52	53	.
102	66e5b215-c171-488d-bc1f-76e1ba60dec6	1	Hackensack	-1	9	Hackensack
102	66e5b215-c171-488d-bc1f-76e1ba60dec6	2	Meridian	10	18	Meridian
102	66e5b215-c171-488d-bc1f-76e1ba60dec6	3	Health	19	25	Health
102	66e5b215-c171-488d-bc1f-76e1ba60dec6	4	in	26	28	in
102	66e5b215-c171-488d-bc1f-76e1ba60dec6	5	New	29	32	New
102	66e5b215-c171-488d-bc1f-76e1ba60dec6	6	Jersey	33	39	Jersey
102	66e5b215-c171-488d-bc1f-76e1ba60dec6	7	joined	40	46	join
102	66e5b215-c171-488d-bc1f-76e1ba60dec6	8	Northwell	47	56	Northwell
102	66e5b215-c171-488d-bc1f-76e1ba60dec6	9	and	57	60	and
102	66e5b215-c171-488d-bc1f-76e1ba60dec6	10	PurpleSun	61	70	PurpleSun
102	66e5b215-c171-488d-bc1f-76e1ba60dec6	11	on	71	73	on
102	66e5b215-c171-488d-bc1f-76e1ba60dec6	12	Monday	74	80	Monday
102	66e5b215-c171-488d-bc1f-76e1ba60dec6	13	to	81	83	to
102	66e5b215-c171-488d-bc1f-76e1ba60dec6	14	help	84	88	help
102	66e5b215-c171-488d-bc1f-76e1ba60dec6	15	commercialize	89	102	commercialize
102	66e5b215-c171-488d-bc1f-76e1ba60dec6	16	the	103	106	the
102	66e5b215-c171-488d-bc1f-76e1ba60dec6	17	device	107	113	device
102	66e5b215-c171-488d-bc1f-76e1ba60dec6	18	.	113	114	.
102	35c2f219-99e8-43cb-a133-b97f39eccb9a	1	Armellino	-1	8	Armellino
102	35c2f219-99e8-43cb-a133-b97f39eccb9a	2	said	9	13	say
102	35c2f219-99e8-43cb-a133-b97f39eccb9a	3	not	14	17	not
102	35c2f219-99e8-43cb-a133-b97f39eccb9a	4	only	18	22	only
102	35c2f219-99e8-43cb-a133-b97f39eccb9a	5	does	23	27	do
102	35c2f219-99e8-43cb-a133-b97f39eccb9a	6	light	28	33	light
102	35c2f219-99e8-43cb-a133-b97f39eccb9a	7	from	34	38	from
102	35c2f219-99e8-43cb-a133-b97f39eccb9a	8	the	39	42	the
102	35c2f219-99e8-43cb-a133-b97f39eccb9a	9	modular	43	50	modular
102	35c2f219-99e8-43cb-a133-b97f39eccb9a	10	system	51	57	system
102	35c2f219-99e8-43cb-a133-b97f39eccb9a	11	destroy	58	65	destroy
102	35c2f219-99e8-43cb-a133-b97f39eccb9a	12	superbugs	66	75	superbug
102	35c2f219-99e8-43cb-a133-b97f39eccb9a	13	,	75	76	,
102	35c2f219-99e8-43cb-a133-b97f39eccb9a	14	it	77	79	it
102	35c2f219-99e8-43cb-a133-b97f39eccb9a	15	also	80	84	also
102	35c2f219-99e8-43cb-a133-b97f39eccb9a	16	is	85	87	be
102	35c2f219-99e8-43cb-a133-b97f39eccb9a	17	capable	88	95	capable
102	35c2f219-99e8-43cb-a133-b97f39eccb9a	18	of	96	98	of
102	35c2f219-99e8-43cb-a133-b97f39eccb9a	19	destroying	99	109	destroy
102	35c2f219-99e8-43cb-a133-b97f39eccb9a	20	spores	110	116	spore
102	35c2f219-99e8-43cb-a133-b97f39eccb9a	21	emitted	117	124	emit
102	35c2f219-99e8-43cb-a133-b97f39eccb9a	22	by	125	127	by
102	35c2f219-99e8-43cb-a133-b97f39eccb9a	23	Clostridium	128	139	clostridium
102	35c2f219-99e8-43cb-a133-b97f39eccb9a	24	difficile	140	149	difficile
102	35c2f219-99e8-43cb-a133-b97f39eccb9a	25	,	149	150	,
102	35c2f219-99e8-43cb-a133-b97f39eccb9a	26	bacteria	151	159	bacteria
102	35c2f219-99e8-43cb-a133-b97f39eccb9a	27	that	160	164	that
102	35c2f219-99e8-43cb-a133-b97f39eccb9a	28	have	165	169	have
102	35c2f219-99e8-43cb-a133-b97f39eccb9a	29	invaded	170	177	invade
102	35c2f219-99e8-43cb-a133-b97f39eccb9a	30	hospitals	178	187	hospital
102	35c2f219-99e8-43cb-a133-b97f39eccb9a	31	worldwide	188	197	worldwide
102	35c2f219-99e8-43cb-a133-b97f39eccb9a	32	,	197	198	,
102	35c2f219-99e8-43cb-a133-b97f39eccb9a	33	including	199	208	include
102	35c2f219-99e8-43cb-a133-b97f39eccb9a	34	institutions	209	221	institution
102	35c2f219-99e8-43cb-a133-b97f39eccb9a	35	on	222	224	on
102	35c2f219-99e8-43cb-a133-b97f39eccb9a	36	Long	225	229	Long
102	35c2f219-99e8-43cb-a133-b97f39eccb9a	37	Island	230	236	Island
102	35c2f219-99e8-43cb-a133-b97f39eccb9a	38	.	236	237	.
102	85f73045-4907-4232-b982-f7de953e4e7c	1	“	-1	0	"
102	a839b387-e575-4fed-a9df-6954514563b5	1	We	-1	1	we
102	a839b387-e575-4fed-a9df-6954514563b5	2	are	2	5	be
102	a839b387-e575-4fed-a9df-6954514563b5	3	fighting	6	14	fight
102	a839b387-e575-4fed-a9df-6954514563b5	4	things	15	21	thing
102	a839b387-e575-4fed-a9df-6954514563b5	5	we	22	24	we
102	a839b387-e575-4fed-a9df-6954514563b5	6	can	25	28	can
102	a839b387-e575-4fed-a9df-6954514563b5	7	not	28	31	not
102	a839b387-e575-4fed-a9df-6954514563b5	8	see	32	35	see
102	a839b387-e575-4fed-a9df-6954514563b5	9	so	36	38	so
102	a839b387-e575-4fed-a9df-6954514563b5	10	we	39	41	we
102	a839b387-e575-4fed-a9df-6954514563b5	11	need	42	46	need
102	a839b387-e575-4fed-a9df-6954514563b5	12	new	47	50	new
102	a839b387-e575-4fed-a9df-6954514563b5	13	technology	51	61	technology
102	a839b387-e575-4fed-a9df-6954514563b5	14	to	62	64	to
102	a839b387-e575-4fed-a9df-6954514563b5	15	better	65	71	better
102	a839b387-e575-4fed-a9df-6954514563b5	16	equip	72	77	equip
102	a839b387-e575-4fed-a9df-6954514563b5	17	ourselves	78	87	ourselves
102	a839b387-e575-4fed-a9df-6954514563b5	18	,	87	88	,
102	a839b387-e575-4fed-a9df-6954514563b5	19	”	88	89	"
102	a839b387-e575-4fed-a9df-6954514563b5	20	said	90	94	say
102	a839b387-e575-4fed-a9df-6954514563b5	21	Luis	95	99	Luis
102	a839b387-e575-4fed-a9df-6954514563b5	22	Romo	100	104	Romo
102	a839b387-e575-4fed-a9df-6954514563b5	23	,	104	105	,
102	a839b387-e575-4fed-a9df-6954514563b5	24	founder	106	113	founder
102	a839b387-e575-4fed-a9df-6954514563b5	25	and	114	117	and
102	a839b387-e575-4fed-a9df-6954514563b5	26	chief	118	123	chief
102	a839b387-e575-4fed-a9df-6954514563b5	27	executive	124	133	executive
102	a839b387-e575-4fed-a9df-6954514563b5	28	of	134	136	of
102	a839b387-e575-4fed-a9df-6954514563b5	29	PurpleSun	137	146	PurpleSun
102	a839b387-e575-4fed-a9df-6954514563b5	30	,	146	147	,
102	a839b387-e575-4fed-a9df-6954514563b5	31	who	148	151	who
102	a839b387-e575-4fed-a9df-6954514563b5	32	with	152	156	with
102	a839b387-e575-4fed-a9df-6954514563b5	33	a	157	158	a
102	a839b387-e575-4fed-a9df-6954514563b5	34	team	159	163	team
102	a839b387-e575-4fed-a9df-6954514563b5	35	of	164	166	of
102	a839b387-e575-4fed-a9df-6954514563b5	36	collaborators	167	180	collaborator
102	a839b387-e575-4fed-a9df-6954514563b5	37	created	181	188	create
102	a839b387-e575-4fed-a9df-6954514563b5	38	the	189	192	the
102	a839b387-e575-4fed-a9df-6954514563b5	39	connected	193	202	connect
102	a839b387-e575-4fed-a9df-6954514563b5	40	modular	203	210	modular
102	a839b387-e575-4fed-a9df-6954514563b5	41	system	211	217	system
102	a839b387-e575-4fed-a9df-6954514563b5	42	of	218	220	of
102	a839b387-e575-4fed-a9df-6954514563b5	43	six	221	224	six
102	a839b387-e575-4fed-a9df-6954514563b5	44	-	224	225	-
102	a839b387-e575-4fed-a9df-6954514563b5	45	foot	225	229	foot
102	a839b387-e575-4fed-a9df-6954514563b5	46	panels	230	236	panel
102	a839b387-e575-4fed-a9df-6954514563b5	47	on	237	239	on
102	a839b387-e575-4fed-a9df-6954514563b5	48	wheels	240	246	wheel
102	a839b387-e575-4fed-a9df-6954514563b5	49	.	246	247	.
102	38d7118e-32a5-48de-b228-9c353c353e18	1	The	-1	2	the
102	38d7118e-32a5-48de-b228-9c353c353e18	2	system	3	9	system
102	38d7118e-32a5-48de-b228-9c353c353e18	3	is	10	12	be
102	38d7118e-32a5-48de-b228-9c353c353e18	4	easily	13	19	easily
102	38d7118e-32a5-48de-b228-9c353c353e18	5	moved	20	25	move
102	38d7118e-32a5-48de-b228-9c353c353e18	6	from	26	30	from
102	38d7118e-32a5-48de-b228-9c353c353e18	7	one	31	34	one
102	38d7118e-32a5-48de-b228-9c353c353e18	8	part	35	39	part
102	38d7118e-32a5-48de-b228-9c353c353e18	9	of	40	42	of
102	38d7118e-32a5-48de-b228-9c353c353e18	10	a	43	44	a
102	38d7118e-32a5-48de-b228-9c353c353e18	11	hospital	45	53	hospital
102	38d7118e-32a5-48de-b228-9c353c353e18	12	to	54	56	to
102	38d7118e-32a5-48de-b228-9c353c353e18	13	another	57	64	another
102	38d7118e-32a5-48de-b228-9c353c353e18	14	,	64	65	,
102	38d7118e-32a5-48de-b228-9c353c353e18	15	Romo	66	70	Romo
102	38d7118e-32a5-48de-b228-9c353c353e18	16	said	71	75	say
102	38d7118e-32a5-48de-b228-9c353c353e18	17	,	75	76	,
102	38d7118e-32a5-48de-b228-9c353c353e18	18	and	77	80	and
102	38d7118e-32a5-48de-b228-9c353c353e18	19	can	81	84	can
102	38d7118e-32a5-48de-b228-9c353c353e18	20	wrap	85	89	wrap
102	38d7118e-32a5-48de-b228-9c353c353e18	21	around	90	96	around
102	38d7118e-32a5-48de-b228-9c353c353e18	22	a	97	98	a
102	38d7118e-32a5-48de-b228-9c353c353e18	23	surgical	99	107	surgical
102	38d7118e-32a5-48de-b228-9c353c353e18	24	table	108	113	table
102	38d7118e-32a5-48de-b228-9c353c353e18	25	.	113	114	.
102	27bb850a-d800-46c4-80bf-29ff739da3f6	1	Anything	0	8	anything
102	27bb850a-d800-46c4-80bf-29ff739da3f6	2	enclosed	9	17	enclose
102	27bb850a-d800-46c4-80bf-29ff739da3f6	3	in	18	20	in
102	27bb850a-d800-46c4-80bf-29ff739da3f6	4	the	21	24	the
102	27bb850a-d800-46c4-80bf-29ff739da3f6	5	area	25	29	area
102	27bb850a-d800-46c4-80bf-29ff739da3f6	6	and	30	33	and
102	27bb850a-d800-46c4-80bf-29ff739da3f6	7	hit	34	37	hit
102	27bb850a-d800-46c4-80bf-29ff739da3f6	8	by	38	40	by
102	27bb850a-d800-46c4-80bf-29ff739da3f6	9	the	41	44	the
102	27bb850a-d800-46c4-80bf-29ff739da3f6	10	light	45	50	light
102	27bb850a-d800-46c4-80bf-29ff739da3f6	11	will	51	55	will
102	27bb850a-d800-46c4-80bf-29ff739da3f6	12	be	56	58	be
102	27bb850a-d800-46c4-80bf-29ff739da3f6	13	sterilized	59	69	sterilize
102	27bb850a-d800-46c4-80bf-29ff739da3f6	14	.	69	70	.
102	ecf731c6-310f-407e-9021-766977b81c6a	1	The	0	3	the
102	ecf731c6-310f-407e-9021-766977b81c6a	2	device	4	10	device
102	ecf731c6-310f-407e-9021-766977b81c6a	3	is	11	13	be
102	ecf731c6-310f-407e-9021-766977b81c6a	4	formally	14	22	formally
102	ecf731c6-310f-407e-9021-766977b81c6a	5	called	23	29	call
102	ecf731c6-310f-407e-9021-766977b81c6a	6	a	30	31	a
102	ecf731c6-310f-407e-9021-766977b81c6a	7	focused	32	39	focus
102	ecf731c6-310f-407e-9021-766977b81c6a	8	multivector	40	51	multivector
102	ecf731c6-310f-407e-9021-766977b81c6a	9	ultraviolet	52	63	ultraviolet
102	ecf731c6-310f-407e-9021-766977b81c6a	10	system	64	70	system
102	ecf731c6-310f-407e-9021-766977b81c6a	11	.	70	71	.
102	529be8f4-d90f-4b93-acb9-b77931713454	1	Although	-1	7	although
102	529be8f4-d90f-4b93-acb9-b77931713454	2	small	8	13	small
102	529be8f4-d90f-4b93-acb9-b77931713454	3	UV	14	16	UV
102	529be8f4-d90f-4b93-acb9-b77931713454	4	light	17	22	light
102	529be8f4-d90f-4b93-acb9-b77931713454	5	fixtures	23	31	fixture
102	529be8f4-d90f-4b93-acb9-b77931713454	6	,	31	32	,
102	529be8f4-d90f-4b93-acb9-b77931713454	7	usually	33	40	usually
102	529be8f4-d90f-4b93-acb9-b77931713454	8	affixed	41	48	affix
102	529be8f4-d90f-4b93-acb9-b77931713454	9	to	49	51	to
102	529be8f4-d90f-4b93-acb9-b77931713454	10	ceilings	52	60	ceiling
102	529be8f4-d90f-4b93-acb9-b77931713454	11	or	61	63	or
102	529be8f4-d90f-4b93-acb9-b77931713454	12	walls	64	69	wall
102	529be8f4-d90f-4b93-acb9-b77931713454	13	,	69	70	,
102	529be8f4-d90f-4b93-acb9-b77931713454	14	have	71	75	have
102	529be8f4-d90f-4b93-acb9-b77931713454	15	been	76	80	be
102	529be8f4-d90f-4b93-acb9-b77931713454	16	used	81	85	use
102	529be8f4-d90f-4b93-acb9-b77931713454	17	in	86	88	in
102	529be8f4-d90f-4b93-acb9-b77931713454	18	tuberculosis	89	101	tuberculosis
102	529be8f4-d90f-4b93-acb9-b77931713454	19	clinics	102	109	clinic
102	529be8f4-d90f-4b93-acb9-b77931713454	20	for	110	113	for
102	529be8f4-d90f-4b93-acb9-b77931713454	21	decades	114	121	decade
102	529be8f4-d90f-4b93-acb9-b77931713454	22	,	121	122	,
102	529be8f4-d90f-4b93-acb9-b77931713454	23	they	123	127	they
102	529be8f4-d90f-4b93-acb9-b77931713454	24	were	128	132	be
102	529be8f4-d90f-4b93-acb9-b77931713454	25	not	133	136	not
102	529be8f4-d90f-4b93-acb9-b77931713454	26	always	137	143	always
102	529be8f4-d90f-4b93-acb9-b77931713454	27	effective	144	153	effective
102	529be8f4-d90f-4b93-acb9-b77931713454	28	,	153	154	,
102	529be8f4-d90f-4b93-acb9-b77931713454	29	nor	155	158	nor
102	529be8f4-d90f-4b93-acb9-b77931713454	30	was	159	162	be
102	529be8f4-d90f-4b93-acb9-b77931713454	31	the	163	166	the
102	529be8f4-d90f-4b93-acb9-b77931713454	32	intensity	167	176	intensity
102	529be8f4-d90f-4b93-acb9-b77931713454	33	of	177	179	of
102	529be8f4-d90f-4b93-acb9-b77931713454	34	UV	180	182	UV
102	529be8f4-d90f-4b93-acb9-b77931713454	35	light	183	188	light
102	529be8f4-d90f-4b93-acb9-b77931713454	36	powerful	189	197	powerful
102	529be8f4-d90f-4b93-acb9-b77931713454	37	enough	198	204	enough
102	529be8f4-d90f-4b93-acb9-b77931713454	38	to	205	207	to
102	529be8f4-d90f-4b93-acb9-b77931713454	39	kill	208	212	kill
102	529be8f4-d90f-4b93-acb9-b77931713454	40	all	213	216	all
102	529be8f4-d90f-4b93-acb9-b77931713454	41	surface	217	224	surface
102	529be8f4-d90f-4b93-acb9-b77931713454	42	microbes	225	233	microbe
102	529be8f4-d90f-4b93-acb9-b77931713454	43	,	233	234	,
102	529be8f4-d90f-4b93-acb9-b77931713454	44	studies	235	242	study
102	529be8f4-d90f-4b93-acb9-b77931713454	45	have	243	247	have
102	529be8f4-d90f-4b93-acb9-b77931713454	46	shown	248	253	show
102	529be8f4-d90f-4b93-acb9-b77931713454	47	.	253	254	.
102	93824e9c-f280-4af5-9311-68a384ee6799	1	Romo	-1	3	Romo
102	93824e9c-f280-4af5-9311-68a384ee6799	2	came	4	8	come
102	93824e9c-f280-4af5-9311-68a384ee6799	3	up	9	11	up
102	93824e9c-f280-4af5-9311-68a384ee6799	4	with	12	16	with
102	93824e9c-f280-4af5-9311-68a384ee6799	5	the	17	20	the
102	93824e9c-f280-4af5-9311-68a384ee6799	6	idea	21	25	idea
102	93824e9c-f280-4af5-9311-68a384ee6799	7	of	26	28	of
102	93824e9c-f280-4af5-9311-68a384ee6799	8	using	29	34	use
102	93824e9c-f280-4af5-9311-68a384ee6799	9	the	35	38	the
102	93824e9c-f280-4af5-9311-68a384ee6799	10	most	39	43	most
102	93824e9c-f280-4af5-9311-68a384ee6799	11	intense	44	51	intense
102	93824e9c-f280-4af5-9311-68a384ee6799	12	ultraviolet	52	63	ultraviolet
102	93824e9c-f280-4af5-9311-68a384ee6799	13	wavelengths	64	75	wavelength
102	93824e9c-f280-4af5-9311-68a384ee6799	14	as	76	78	as
102	93824e9c-f280-4af5-9311-68a384ee6799	15	a	79	80	a
102	93824e9c-f280-4af5-9311-68a384ee6799	16	sterilization	81	94	sterilization
102	93824e9c-f280-4af5-9311-68a384ee6799	17	method	95	101	method
102	93824e9c-f280-4af5-9311-68a384ee6799	18	while	102	107	while
102	93824e9c-f280-4af5-9311-68a384ee6799	19	a	108	109	a
102	93824e9c-f280-4af5-9311-68a384ee6799	20	graduate	110	118	graduate
102	93824e9c-f280-4af5-9311-68a384ee6799	21	student	119	126	student
102	93824e9c-f280-4af5-9311-68a384ee6799	22	in	127	129	in
102	93824e9c-f280-4af5-9311-68a384ee6799	23	2012	130	134	2012
102	93824e9c-f280-4af5-9311-68a384ee6799	24	.	134	135	.
102	a95cdb5f-c808-4a30-982b-d12179089591	1	Armellino	-1	8	Armellino
102	a95cdb5f-c808-4a30-982b-d12179089591	2	,	8	9	,
102	a95cdb5f-c808-4a30-982b-d12179089591	3	meanwhile	10	19	meanwhile
102	a95cdb5f-c808-4a30-982b-d12179089591	4	,	19	20	,
102	a95cdb5f-c808-4a30-982b-d12179089591	5	worked	21	27	work
102	a95cdb5f-c808-4a30-982b-d12179089591	6	with	28	32	with
102	a95cdb5f-c808-4a30-982b-d12179089591	7	a	33	34	a
102	a95cdb5f-c808-4a30-982b-d12179089591	8	team	35	39	team
102	a95cdb5f-c808-4a30-982b-d12179089591	9	of	40	42	of
102	a95cdb5f-c808-4a30-982b-d12179089591	10	researchers	43	54	researcher
102	a95cdb5f-c808-4a30-982b-d12179089591	11	to	55	57	to
102	a95cdb5f-c808-4a30-982b-d12179089591	12	determine	58	67	determine
102	a95cdb5f-c808-4a30-982b-d12179089591	13	how	68	71	how
102	a95cdb5f-c808-4a30-982b-d12179089591	14	effectively	72	83	effectively
102	a95cdb5f-c808-4a30-982b-d12179089591	15	the	84	87	the
102	a95cdb5f-c808-4a30-982b-d12179089591	16	panels	88	94	panel
102	a95cdb5f-c808-4a30-982b-d12179089591	17	`	94	95	`
102	a95cdb5f-c808-4a30-982b-d12179089591	18	ultraviolet	96	107	ultraviolet
102	a95cdb5f-c808-4a30-982b-d12179089591	19	energy	108	114	energy
102	a95cdb5f-c808-4a30-982b-d12179089591	20	destroy	115	122	destroy
102	a95cdb5f-c808-4a30-982b-d12179089591	21	pathogens	123	132	pathogen
102	a95cdb5f-c808-4a30-982b-d12179089591	22	.	132	133	.
102	cdcefc56-24aa-4606-9eaa-8531c0021d06	1	She	0	3	she
102	cdcefc56-24aa-4606-9eaa-8531c0021d06	2	reported	4	12	report
102	cdcefc56-24aa-4606-9eaa-8531c0021d06	3	the	13	16	the
102	cdcefc56-24aa-4606-9eaa-8531c0021d06	4	findings	17	25	finding
102	cdcefc56-24aa-4606-9eaa-8531c0021d06	5	earlier	26	33	earlier
102	cdcefc56-24aa-4606-9eaa-8531c0021d06	6	this	34	38	this
102	cdcefc56-24aa-4606-9eaa-8531c0021d06	7	month	39	44	month
102	cdcefc56-24aa-4606-9eaa-8531c0021d06	8	in	45	47	in
102	cdcefc56-24aa-4606-9eaa-8531c0021d06	9	the	48	51	the
102	cdcefc56-24aa-4606-9eaa-8531c0021d06	10	American	52	60	American
102	cdcefc56-24aa-4606-9eaa-8531c0021d06	11	Journal	61	68	Journal
102	cdcefc56-24aa-4606-9eaa-8531c0021d06	12	of	69	71	of
102	cdcefc56-24aa-4606-9eaa-8531c0021d06	13	Infection	72	81	Infection
102	cdcefc56-24aa-4606-9eaa-8531c0021d06	14	Control	82	89	Control
102	cdcefc56-24aa-4606-9eaa-8531c0021d06	15	.	89	90	.
102	0479caaf-2546-495f-88d3-5b49584c631f	1	The	-1	2	the
102	0479caaf-2546-495f-88d3-5b49584c631f	2	team	3	7	team
102	0479caaf-2546-495f-88d3-5b49584c631f	3	found	8	13	find
102	0479caaf-2546-495f-88d3-5b49584c631f	4	the	14	17	the
102	0479caaf-2546-495f-88d3-5b49584c631f	5	panels	18	24	panel
102	0479caaf-2546-495f-88d3-5b49584c631f	6	emit	25	29	emit
102	0479caaf-2546-495f-88d3-5b49584c631f	7	such	30	34	such
102	0479caaf-2546-495f-88d3-5b49584c631f	8	potent	35	41	potent
102	0479caaf-2546-495f-88d3-5b49584c631f	9	energy	42	48	energy
102	0479caaf-2546-495f-88d3-5b49584c631f	10	that	49	53	that
102	0479caaf-2546-495f-88d3-5b49584c631f	11	all	54	57	all
102	0479caaf-2546-495f-88d3-5b49584c631f	12	microbes	58	66	microbe
102	0479caaf-2546-495f-88d3-5b49584c631f	13	in	67	69	in
102	0479caaf-2546-495f-88d3-5b49584c631f	14	the	70	73	the
102	0479caaf-2546-495f-88d3-5b49584c631f	15	light	74	79	light
102	0479caaf-2546-495f-88d3-5b49584c631f	16	’s	79	81	's
102	0479caaf-2546-495f-88d3-5b49584c631f	17	path	82	86	path
102	0479caaf-2546-495f-88d3-5b49584c631f	18	are	87	90	be
102	0479caaf-2546-495f-88d3-5b49584c631f	19	destroyed	91	100	destroy
102	0479caaf-2546-495f-88d3-5b49584c631f	20	.	100	101	.
102	64b8a645-c144-4ce0-ab31-b57280b25686	1	She	-1	2	she
102	64b8a645-c144-4ce0-ab31-b57280b25686	2	and	3	6	and
102	64b8a645-c144-4ce0-ab31-b57280b25686	3	her	7	10	she
102	64b8a645-c144-4ce0-ab31-b57280b25686	4	team	11	15	team
102	64b8a645-c144-4ce0-ab31-b57280b25686	5	additionally	16	28	additionally
102	64b8a645-c144-4ce0-ab31-b57280b25686	6	used	29	33	use
102	64b8a645-c144-4ce0-ab31-b57280b25686	7	the	34	37	the
102	64b8a645-c144-4ce0-ab31-b57280b25686	8	panels	38	44	panel
102	64b8a645-c144-4ce0-ab31-b57280b25686	9	on	45	47	on
102	64b8a645-c144-4ce0-ab31-b57280b25686	10	3,000	48	53	3,000
102	64b8a645-c144-4ce0-ab31-b57280b25686	11	microbiological	54	69	microbiological
102	64b8a645-c144-4ce0-ab31-b57280b25686	12	samples	70	77	sample
102	64b8a645-c144-4ce0-ab31-b57280b25686	13	taken	78	83	take
102	64b8a645-c144-4ce0-ab31-b57280b25686	14	after	84	89	after
102	64b8a645-c144-4ce0-ab31-b57280b25686	15	100	90	93	100
102	64b8a645-c144-4ce0-ab31-b57280b25686	16	different	94	103	different
102	64b8a645-c144-4ce0-ab31-b57280b25686	17	surgical	104	112	surgical
102	64b8a645-c144-4ce0-ab31-b57280b25686	18	cases	113	118	case
102	64b8a645-c144-4ce0-ab31-b57280b25686	19	in	119	121	in
102	64b8a645-c144-4ce0-ab31-b57280b25686	20	and	122	125	and
102	64b8a645-c144-4ce0-ab31-b57280b25686	21	around	126	132	around
102	64b8a645-c144-4ce0-ab31-b57280b25686	22	operating	133	142	operating
102	64b8a645-c144-4ce0-ab31-b57280b25686	23	rooms	143	148	room
102	64b8a645-c144-4ce0-ab31-b57280b25686	24	at	149	151	at
102	64b8a645-c144-4ce0-ab31-b57280b25686	25	three	152	157	three
102	64b8a645-c144-4ce0-ab31-b57280b25686	26	different	158	167	different
102	64b8a645-c144-4ce0-ab31-b57280b25686	27	hospitals	168	177	hospital
102	64b8a645-c144-4ce0-ab31-b57280b25686	28	in	178	180	in
102	64b8a645-c144-4ce0-ab31-b57280b25686	29	the	181	184	the
102	64b8a645-c144-4ce0-ab31-b57280b25686	30	greater	185	192	greater
102	64b8a645-c144-4ce0-ab31-b57280b25686	31	metropolitan	193	205	metropolitan
102	64b8a645-c144-4ce0-ab31-b57280b25686	32	area	206	210	area
102	64b8a645-c144-4ce0-ab31-b57280b25686	33	.	210	211	.
102	16d559e0-72ca-4030-b7e2-7beb741203b4	1	No	0	2	no
102	16d559e0-72ca-4030-b7e2-7beb741203b4	2	microbe	3	10	microbe
102	16d559e0-72ca-4030-b7e2-7beb741203b4	3	exposed	11	18	expose
102	16d559e0-72ca-4030-b7e2-7beb741203b4	4	to	19	21	to
102	16d559e0-72ca-4030-b7e2-7beb741203b4	5	the	22	25	the
102	16d559e0-72ca-4030-b7e2-7beb741203b4	6	UV	26	28	UV
102	16d559e0-72ca-4030-b7e2-7beb741203b4	7	light	29	34	light
102	16d559e0-72ca-4030-b7e2-7beb741203b4	8	survived	35	43	survive
102	16d559e0-72ca-4030-b7e2-7beb741203b4	9	,	43	44	,
102	16d559e0-72ca-4030-b7e2-7beb741203b4	10	the	45	48	the
102	16d559e0-72ca-4030-b7e2-7beb741203b4	11	research	49	57	research
102	16d559e0-72ca-4030-b7e2-7beb741203b4	12	showed	58	64	show
102	16d559e0-72ca-4030-b7e2-7beb741203b4	13	.	64	65	.
111	b03a1e63-e864-427f-abb4-f40057a62740	1	The	0	3	the
111	b03a1e63-e864-427f-abb4-f40057a62740	2	longest	4	11	longest
111	b03a1e63-e864-427f-abb4-f40057a62740	3	government	12	22	government
111	b03a1e63-e864-427f-abb4-f40057a62740	4	shutdown	23	31	shutdown
111	b03a1e63-e864-427f-abb4-f40057a62740	5	in	32	34	in
111	b03a1e63-e864-427f-abb4-f40057a62740	6	our	35	38	we
111	b03a1e63-e864-427f-abb4-f40057a62740	7	country	39	46	country
111	b03a1e63-e864-427f-abb4-f40057a62740	8	’s	46	48	's
111	b03a1e63-e864-427f-abb4-f40057a62740	9	history	49	56	history
