38	6ba0e97c-9f78-4d5d-b03f-4423dff16073	1	If	O	0	2
38	6ba0e97c-9f78-4d5d-b03f-4423dff16073	2	you	O	3	6
38	6ba0e97c-9f78-4d5d-b03f-4423dff16073	3	ask	O	7	10
38	6ba0e97c-9f78-4d5d-b03f-4423dff16073	4	City	O	11	15
38	6ba0e97c-9f78-4d5d-b03f-4423dff16073	5	Manager	O	16	23
38	6ba0e97c-9f78-4d5d-b03f-4423dff16073	6	T.C.	B-PERSON	24	28
38	6ba0e97c-9f78-4d5d-b03f-4423dff16073	7	Broadnax	E-PERSON	29	37
38	6ba0e97c-9f78-4d5d-b03f-4423dff16073	8	or	O	38	40
38	6ba0e97c-9f78-4d5d-b03f-4423dff16073	9	Police	S-ORG	41	47
38	6ba0e97c-9f78-4d5d-b03f-4423dff16073	10	Chief	O	48	53
38	6ba0e97c-9f78-4d5d-b03f-4423dff16073	11	U.	B-PERSON	54	56
38	6ba0e97c-9f78-4d5d-b03f-4423dff16073	12	Renee	E-PERSON	57	62
38	9914211c-f9ad-4008-8c40-52a98e39b9f6	1	Hall	O	0	4
38	9914211c-f9ad-4008-8c40-52a98e39b9f6	2	about	O	5	10
38	9914211c-f9ad-4008-8c40-52a98e39b9f6	3	crime	O	11	16
38	9914211c-f9ad-4008-8c40-52a98e39b9f6	4	in	O	17	19
38	9914211c-f9ad-4008-8c40-52a98e39b9f6	5	Dallas	S-GPE	20	26
38	9914211c-f9ad-4008-8c40-52a98e39b9f6	6	,	O	26	27
38	9914211c-f9ad-4008-8c40-52a98e39b9f6	7	they	O	28	32
38	9914211c-f9ad-4008-8c40-52a98e39b9f6	8	’ll	O	32	35
38	9914211c-f9ad-4008-8c40-52a98e39b9f6	9	tell	O	36	40
38	9914211c-f9ad-4008-8c40-52a98e39b9f6	10	you	O	41	44
38	9914211c-f9ad-4008-8c40-52a98e39b9f6	11	that	O	45	49
38	9914211c-f9ad-4008-8c40-52a98e39b9f6	12	major	O	50	55
38	9914211c-f9ad-4008-8c40-52a98e39b9f6	13	crimes	O	56	62
38	9914211c-f9ad-4008-8c40-52a98e39b9f6	14	are	O	63	66
38	9914211c-f9ad-4008-8c40-52a98e39b9f6	15	down	O	67	71
38	9914211c-f9ad-4008-8c40-52a98e39b9f6	16	.	O	71	72
38	44beb770-a40d-4d5d-8d28-44dc182f3cf9	1	But	O	0	3
38	44beb770-a40d-4d5d-8d28-44dc182f3cf9	2	as	O	4	6
38	44beb770-a40d-4d5d-8d28-44dc182f3cf9	3	we	O	7	9
38	44beb770-a40d-4d5d-8d28-44dc182f3cf9	4	peruse	O	10	16
38	44beb770-a40d-4d5d-8d28-44dc182f3cf9	5	the	O	17	20
38	44beb770-a40d-4d5d-8d28-44dc182f3cf9	6	city	O	21	25
38	44beb770-a40d-4d5d-8d28-44dc182f3cf9	7	’s	O	25	27
38	44beb770-a40d-4d5d-8d28-44dc182f3cf9	8	own	O	28	31
38	44beb770-a40d-4d5d-8d28-44dc182f3cf9	9	database	O	32	40
38	44beb770-a40d-4d5d-8d28-44dc182f3cf9	10	two	S-CARDINAL	41	44
38	44beb770-a40d-4d5d-8d28-44dc182f3cf9	11	deadly	O	45	51
38	44beb770-a40d-4d5d-8d28-44dc182f3cf9	12	crimes	O	52	58
38	44beb770-a40d-4d5d-8d28-44dc182f3cf9	13	stand	O	59	64
38	44beb770-a40d-4d5d-8d28-44dc182f3cf9	14	out	O	65	68
38	44beb770-a40d-4d5d-8d28-44dc182f3cf9	15	:	O	68	69
38	44beb770-a40d-4d5d-8d28-44dc182f3cf9	16	weapons	O	70	77
38	44beb770-a40d-4d5d-8d28-44dc182f3cf9	17	and	O	78	81
38	44beb770-a40d-4d5d-8d28-44dc182f3cf9	18	drugs	O	82	87
38	44beb770-a40d-4d5d-8d28-44dc182f3cf9	19	.	O	87	88
38	037071bc-5741-4ef2-a635-07c9be02d154	1	According	O	-1	8
38	037071bc-5741-4ef2-a635-07c9be02d154	2	to	O	9	11
38	037071bc-5741-4ef2-a635-07c9be02d154	3	the	B-ORG	12	15
38	037071bc-5741-4ef2-a635-07c9be02d154	4	Dallas	I-ORG	16	22
38	037071bc-5741-4ef2-a635-07c9be02d154	5	Police	I-ORG	23	29
38	037071bc-5741-4ef2-a635-07c9be02d154	6	Department	E-ORG	30	40
38	037071bc-5741-4ef2-a635-07c9be02d154	7	’s	O	40	42
38	037071bc-5741-4ef2-a635-07c9be02d154	8	weekly	S-DATE	43	49
38	037071bc-5741-4ef2-a635-07c9be02d154	9	report	O	50	56
38	037071bc-5741-4ef2-a635-07c9be02d154	10	to	O	57	59
38	037071bc-5741-4ef2-a635-07c9be02d154	11	City	B-ORG	60	64
38	037071bc-5741-4ef2-a635-07c9be02d154	12	Council	E-ORG	65	72
38	037071bc-5741-4ef2-a635-07c9be02d154	13	members	O	73	80
38	037071bc-5741-4ef2-a635-07c9be02d154	14	,	O	80	81
38	037071bc-5741-4ef2-a635-07c9be02d154	15	weapons	O	82	89
38	037071bc-5741-4ef2-a635-07c9be02d154	16	violations	O	90	100
38	037071bc-5741-4ef2-a635-07c9be02d154	17	citywide	O	101	109
38	037071bc-5741-4ef2-a635-07c9be02d154	18	are	O	110	113
38	037071bc-5741-4ef2-a635-07c9be02d154	19	up	O	114	116
38	037071bc-5741-4ef2-a635-07c9be02d154	20	69	B-PERCENT	117	119
38	037071bc-5741-4ef2-a635-07c9be02d154	21	percent	E-PERCENT	120	127
38	037071bc-5741-4ef2-a635-07c9be02d154	22	so	O	128	130
38	037071bc-5741-4ef2-a635-07c9be02d154	23	far	O	131	134
38	037071bc-5741-4ef2-a635-07c9be02d154	24	this	B-DATE	135	139
38	037071bc-5741-4ef2-a635-07c9be02d154	25	year	E-DATE	140	144
38	037071bc-5741-4ef2-a635-07c9be02d154	26	.	O	144	145
38	0e99e7fc-cbd7-4e73-8a8a-5c6ddb890bea	1	Drug	O	0	4
38	0e99e7fc-cbd7-4e73-8a8a-5c6ddb890bea	2	and	O	5	8
38	0e99e7fc-cbd7-4e73-8a8a-5c6ddb890bea	3	narcotics	O	9	18
38	0e99e7fc-cbd7-4e73-8a8a-5c6ddb890bea	4	offenses	O	19	27
38	0e99e7fc-cbd7-4e73-8a8a-5c6ddb890bea	5	are	O	28	31
38	0e99e7fc-cbd7-4e73-8a8a-5c6ddb890bea	6	up	O	32	34
38	0e99e7fc-cbd7-4e73-8a8a-5c6ddb890bea	7	57	B-PERCENT	35	37
38	0e99e7fc-cbd7-4e73-8a8a-5c6ddb890bea	8	percent	E-PERCENT	38	45
38	0e99e7fc-cbd7-4e73-8a8a-5c6ddb890bea	9	.	O	45	46
38	65e8cc6b-445b-4250-ab7c-ff4997e5e1c8	1	What	O	-1	3
38	65e8cc6b-445b-4250-ab7c-ff4997e5e1c8	2	brought	O	4	11
38	65e8cc6b-445b-4250-ab7c-ff4997e5e1c8	3	these	O	12	17
38	65e8cc6b-445b-4250-ab7c-ff4997e5e1c8	4	statistics	O	18	28
38	65e8cc6b-445b-4250-ab7c-ff4997e5e1c8	5	onto	O	29	33
38	65e8cc6b-445b-4250-ab7c-ff4997e5e1c8	6	our	O	34	37
38	65e8cc6b-445b-4250-ab7c-ff4997e5e1c8	7	radar	O	38	43
38	65e8cc6b-445b-4250-ab7c-ff4997e5e1c8	8	was	O	44	47
38	65e8cc6b-445b-4250-ab7c-ff4997e5e1c8	9	the	O	48	51
38	65e8cc6b-445b-4250-ab7c-ff4997e5e1c8	10	arrest	O	52	58
38	65e8cc6b-445b-4250-ab7c-ff4997e5e1c8	11	Saturday	S-DATE	59	67
38	65e8cc6b-445b-4250-ab7c-ff4997e5e1c8	12	of	O	68	70
38	65e8cc6b-445b-4250-ab7c-ff4997e5e1c8	13	Rene	B-PERSON	71	75
38	65e8cc6b-445b-4250-ab7c-ff4997e5e1c8	14	Eduardo	I-PERSON	76	83
38	65e8cc6b-445b-4250-ab7c-ff4997e5e1c8	15	Montanez	I-PERSON	84	92
38	65e8cc6b-445b-4250-ab7c-ff4997e5e1c8	16	Jr.	E-PERSON	93	96
38	65e8cc6b-445b-4250-ab7c-ff4997e5e1c8	17	on	O	97	99
38	65e8cc6b-445b-4250-ab7c-ff4997e5e1c8	18	a	O	100	101
38	65e8cc6b-445b-4250-ab7c-ff4997e5e1c8	19	capital	O	102	109
38	65e8cc6b-445b-4250-ab7c-ff4997e5e1c8	20	murder	O	110	116
38	65e8cc6b-445b-4250-ab7c-ff4997e5e1c8	21	charge	O	117	123
38	65e8cc6b-445b-4250-ab7c-ff4997e5e1c8	22	in	O	124	126
38	65e8cc6b-445b-4250-ab7c-ff4997e5e1c8	23	the	O	127	130
38	65e8cc6b-445b-4250-ab7c-ff4997e5e1c8	24	death	O	131	136
38	65e8cc6b-445b-4250-ab7c-ff4997e5e1c8	25	of	O	137	139
38	65e8cc6b-445b-4250-ab7c-ff4997e5e1c8	26	Joseph	B-PERSON	140	146
38	65e8cc6b-445b-4250-ab7c-ff4997e5e1c8	27	Anthony	I-PERSON	147	154
38	65e8cc6b-445b-4250-ab7c-ff4997e5e1c8	28	Pintucci	E-PERSON	155	163
38	65e8cc6b-445b-4250-ab7c-ff4997e5e1c8	29	,	O	163	164
38	65e8cc6b-445b-4250-ab7c-ff4997e5e1c8	30	an	O	165	167
38	65e8cc6b-445b-4250-ab7c-ff4997e5e1c8	31	18	B-DATE	168	170
38	65e8cc6b-445b-4250-ab7c-ff4997e5e1c8	32	-	I-DATE	170	171
38	65e8cc6b-445b-4250-ab7c-ff4997e5e1c8	33	year	I-DATE	171	175
38	65e8cc6b-445b-4250-ab7c-ff4997e5e1c8	34	-	I-DATE	175	176
38	65e8cc6b-445b-4250-ab7c-ff4997e5e1c8	35	old	E-DATE	176	179
38	65e8cc6b-445b-4250-ab7c-ff4997e5e1c8	36	former	O	180	186
38	65e8cc6b-445b-4250-ab7c-ff4997e5e1c8	37	Highland	B-ORG	187	195
38	65e8cc6b-445b-4250-ab7c-ff4997e5e1c8	38	Park	I-ORG	196	200
38	65e8cc6b-445b-4250-ab7c-ff4997e5e1c8	39	High	I-ORG	201	205
38	65e8cc6b-445b-4250-ab7c-ff4997e5e1c8	40	School	E-ORG	206	212
38	65e8cc6b-445b-4250-ab7c-ff4997e5e1c8	41	student	O	213	220
38	65e8cc6b-445b-4250-ab7c-ff4997e5e1c8	42	.	O	220	221
38	f8f8a41f-e527-4ea5-8972-ae0991b666c1	1	Police	O	0	6
38	f8f8a41f-e527-4ea5-8972-ae0991b666c1	2	describe	O	7	15
38	f8f8a41f-e527-4ea5-8972-ae0991b666c1	3	the	O	16	19
38	f8f8a41f-e527-4ea5-8972-ae0991b666c1	4	incident	O	20	28
38	f8f8a41f-e527-4ea5-8972-ae0991b666c1	5	as	O	29	31
38	f8f8a41f-e527-4ea5-8972-ae0991b666c1	6	a	O	32	33
38	f8f8a41f-e527-4ea5-8972-ae0991b666c1	7	drug	O	34	38
38	f8f8a41f-e527-4ea5-8972-ae0991b666c1	8	deal	O	39	43
38	f8f8a41f-e527-4ea5-8972-ae0991b666c1	9	gone	O	44	48
38	f8f8a41f-e527-4ea5-8972-ae0991b666c1	10	bad	O	49	52
38	f8f8a41f-e527-4ea5-8972-ae0991b666c1	11	in	O	53	55
38	f8f8a41f-e527-4ea5-8972-ae0991b666c1	12	a	O	56	57
38	f8f8a41f-e527-4ea5-8972-ae0991b666c1	13	parking	O	58	65
38	f8f8a41f-e527-4ea5-8972-ae0991b666c1	14	garage	O	66	72
38	f8f8a41f-e527-4ea5-8972-ae0991b666c1	15	.	O	72	73
38	b32a798d-15b6-48bb-9466-578d5044688d	1	Pintucci	S-PERSON	0	8
38	b32a798d-15b6-48bb-9466-578d5044688d	2	’s	O	8	10
38	b32a798d-15b6-48bb-9466-578d5044688d	3	death	O	11	16
38	b32a798d-15b6-48bb-9466-578d5044688d	4	has	O	17	20
38	b32a798d-15b6-48bb-9466-578d5044688d	5	drawn	O	21	26
38	b32a798d-15b6-48bb-9466-578d5044688d	6	a	O	27	28
38	b32a798d-15b6-48bb-9466-578d5044688d	7	great	O	29	34
38	b32a798d-15b6-48bb-9466-578d5044688d	8	deal	O	35	39
38	b32a798d-15b6-48bb-9466-578d5044688d	9	of	O	40	42
38	b32a798d-15b6-48bb-9466-578d5044688d	10	attention	O	43	52
38	b32a798d-15b6-48bb-9466-578d5044688d	11	,	O	52	53
38	b32a798d-15b6-48bb-9466-578d5044688d	12	but	O	54	57
38	b32a798d-15b6-48bb-9466-578d5044688d	13	a	O	58	59
38	b32a798d-15b6-48bb-9466-578d5044688d	14	quick	O	60	65
38	b32a798d-15b6-48bb-9466-578d5044688d	15	review	O	66	72
38	b32a798d-15b6-48bb-9466-578d5044688d	16	of	O	73	75
38	b32a798d-15b6-48bb-9466-578d5044688d	17	this	O	76	80
38	b32a798d-15b6-48bb-9466-578d5044688d	18	newspaper	O	81	90
38	b32a798d-15b6-48bb-9466-578d5044688d	19	’s	O	90	92
38	b32a798d-15b6-48bb-9466-578d5044688d	20	files	O	93	98
38	b32a798d-15b6-48bb-9466-578d5044688d	21	reveal	O	99	105
38	b32a798d-15b6-48bb-9466-578d5044688d	22	many	O	106	110
38	b32a798d-15b6-48bb-9466-578d5044688d	23	other	O	111	116
38	b32a798d-15b6-48bb-9466-578d5044688d	24	such	O	117	121
38	b32a798d-15b6-48bb-9466-578d5044688d	25	drug	O	122	126
38	b32a798d-15b6-48bb-9466-578d5044688d	26	-	O	126	127
38	b32a798d-15b6-48bb-9466-578d5044688d	27	related	O	127	134
38	b32a798d-15b6-48bb-9466-578d5044688d	28	acts	O	135	139
38	b32a798d-15b6-48bb-9466-578d5044688d	29	of	O	140	142
38	b32a798d-15b6-48bb-9466-578d5044688d	30	violence	O	143	151
38	b32a798d-15b6-48bb-9466-578d5044688d	31	.	O	151	152
38	54a1f933-ac71-4671-8263-f7578cbee481	1	Here	O	-1	3
38	54a1f933-ac71-4671-8263-f7578cbee481	2	are	O	4	7
38	54a1f933-ac71-4671-8263-f7578cbee481	3	the	O	8	11
38	54a1f933-ac71-4671-8263-f7578cbee481	4	details	O	12	19
38	54a1f933-ac71-4671-8263-f7578cbee481	5	as	O	20	22
38	54a1f933-ac71-4671-8263-f7578cbee481	6	we	O	23	25
38	54a1f933-ac71-4671-8263-f7578cbee481	7	know	O	26	30
38	54a1f933-ac71-4671-8263-f7578cbee481	8	them	O	31	35
38	54a1f933-ac71-4671-8263-f7578cbee481	9	about	O	36	41
38	54a1f933-ac71-4671-8263-f7578cbee481	10	Pintucci	S-PERSON	42	50
38	54a1f933-ac71-4671-8263-f7578cbee481	11	’s	O	50	52
38	54a1f933-ac71-4671-8263-f7578cbee481	12	shooting	O	53	61
38	54a1f933-ac71-4671-8263-f7578cbee481	13	last	B-DATE	62	66
38	54a1f933-ac71-4671-8263-f7578cbee481	14	week	E-DATE	67	71
38	54a1f933-ac71-4671-8263-f7578cbee481	15	at	O	72	74
38	54a1f933-ac71-4671-8263-f7578cbee481	16	the	O	75	78
38	54a1f933-ac71-4671-8263-f7578cbee481	17	Shops	S-FAC	79	84
38	54a1f933-ac71-4671-8263-f7578cbee481	18	at	O	85	87
38	54a1f933-ac71-4671-8263-f7578cbee481	19	Park	B-FAC	88	92
38	54a1f933-ac71-4671-8263-f7578cbee481	20	Lane	E-FAC	93	97
38	54a1f933-ac71-4671-8263-f7578cbee481	21	.	O	97	98
38	6f1bcc6f-58da-4c6a-8961-a5dccab8e45d	1	Police	O	0	6
38	6f1bcc6f-58da-4c6a-8961-a5dccab8e45d	2	said	O	7	11
38	6f1bcc6f-58da-4c6a-8961-a5dccab8e45d	3	he	O	12	14
38	6f1bcc6f-58da-4c6a-8961-a5dccab8e45d	4	had	O	15	18
38	6f1bcc6f-58da-4c6a-8961-a5dccab8e45d	5	used	O	19	23
38	6f1bcc6f-58da-4c6a-8961-a5dccab8e45d	6	a	O	24	25
38	6f1bcc6f-58da-4c6a-8961-a5dccab8e45d	7	social	O	26	32
38	6f1bcc6f-58da-4c6a-8961-a5dccab8e45d	8	media	O	33	38
38	6f1bcc6f-58da-4c6a-8961-a5dccab8e45d	9	app	O	39	42
38	6f1bcc6f-58da-4c6a-8961-a5dccab8e45d	10	to	O	43	45
38	6f1bcc6f-58da-4c6a-8961-a5dccab8e45d	11	arrange	O	46	53
38	6f1bcc6f-58da-4c6a-8961-a5dccab8e45d	12	a	O	54	55
38	6f1bcc6f-58da-4c6a-8961-a5dccab8e45d	13	drug	O	56	60
38	6f1bcc6f-58da-4c6a-8961-a5dccab8e45d	14	sale	O	61	65
38	6f1bcc6f-58da-4c6a-8961-a5dccab8e45d	15	,	O	65	66
38	6f1bcc6f-58da-4c6a-8961-a5dccab8e45d	16	according	O	67	76
38	6f1bcc6f-58da-4c6a-8961-a5dccab8e45d	17	to	O	77	79
38	6f1bcc6f-58da-4c6a-8961-a5dccab8e45d	18	an	O	80	82
38	6f1bcc6f-58da-4c6a-8961-a5dccab8e45d	19	arrest	O	83	89
38	6f1bcc6f-58da-4c6a-8961-a5dccab8e45d	20	-	O	89	90
38	6f1bcc6f-58da-4c6a-8961-a5dccab8e45d	21	warrant	O	90	97
38	6f1bcc6f-58da-4c6a-8961-a5dccab8e45d	22	affidavit	O	98	107
38	6f1bcc6f-58da-4c6a-8961-a5dccab8e45d	23	.	O	107	108
38	0a8948d7-bab1-4259-9682-a0cb9f30a0d5	1	He	O	0	2
38	0a8948d7-bab1-4259-9682-a0cb9f30a0d5	2	was	O	3	6
38	0a8948d7-bab1-4259-9682-a0cb9f30a0d5	3	in	O	7	9
38	0a8948d7-bab1-4259-9682-a0cb9f30a0d5	4	his	O	10	13
38	0a8948d7-bab1-4259-9682-a0cb9f30a0d5	5	car	O	14	17
38	0a8948d7-bab1-4259-9682-a0cb9f30a0d5	6	with	O	18	22
38	0a8948d7-bab1-4259-9682-a0cb9f30a0d5	7	two	S-CARDINAL	23	26
38	0a8948d7-bab1-4259-9682-a0cb9f30a0d5	8	other	O	27	32
38	0a8948d7-bab1-4259-9682-a0cb9f30a0d5	9	people	O	33	39
38	0a8948d7-bab1-4259-9682-a0cb9f30a0d5	10	when	O	40	44
38	0a8948d7-bab1-4259-9682-a0cb9f30a0d5	11	Montanez	S-PERSON	45	53
38	0a8948d7-bab1-4259-9682-a0cb9f30a0d5	12	and	O	54	57
38	0a8948d7-bab1-4259-9682-a0cb9f30a0d5	13	two	S-CARDINAL	58	61
38	0a8948d7-bab1-4259-9682-a0cb9f30a0d5	14	men	O	62	65
38	0a8948d7-bab1-4259-9682-a0cb9f30a0d5	15	pulled	O	66	72
38	0a8948d7-bab1-4259-9682-a0cb9f30a0d5	16	guns	O	73	77
38	0a8948d7-bab1-4259-9682-a0cb9f30a0d5	17	and	O	78	81
38	0a8948d7-bab1-4259-9682-a0cb9f30a0d5	18	stole	O	82	87
38	0a8948d7-bab1-4259-9682-a0cb9f30a0d5	19	the	O	88	91
38	0a8948d7-bab1-4259-9682-a0cb9f30a0d5	20	drugs	O	92	97
38	0a8948d7-bab1-4259-9682-a0cb9f30a0d5	21	from	O	98	102
38	0a8948d7-bab1-4259-9682-a0cb9f30a0d5	22	him	O	103	106
38	0a8948d7-bab1-4259-9682-a0cb9f30a0d5	23	,	O	106	107
38	0a8948d7-bab1-4259-9682-a0cb9f30a0d5	24	according	O	108	117
38	0a8948d7-bab1-4259-9682-a0cb9f30a0d5	25	to	O	118	120
38	0a8948d7-bab1-4259-9682-a0cb9f30a0d5	26	the	O	121	124
38	0a8948d7-bab1-4259-9682-a0cb9f30a0d5	27	affidavit	O	125	134
38	0a8948d7-bab1-4259-9682-a0cb9f30a0d5	28	.	O	134	135
38	1c3f6678-3e6b-408f-b7eb-3c8b16af1bf7	1	One	S-CARDINAL	0	3
38	1c3f6678-3e6b-408f-b7eb-3c8b16af1bf7	2	of	O	4	6
38	1c3f6678-3e6b-408f-b7eb-3c8b16af1bf7	3	the	O	7	10
38	1c3f6678-3e6b-408f-b7eb-3c8b16af1bf7	4	men	O	11	14
38	1c3f6678-3e6b-408f-b7eb-3c8b16af1bf7	5	shot	O	15	19
38	1c3f6678-3e6b-408f-b7eb-3c8b16af1bf7	6	Pintucci	S-PERSON	20	28
38	1c3f6678-3e6b-408f-b7eb-3c8b16af1bf7	7	,	O	28	29
38	1c3f6678-3e6b-408f-b7eb-3c8b16af1bf7	8	who	O	30	33
38	1c3f6678-3e6b-408f-b7eb-3c8b16af1bf7	9	later	O	34	39
38	1c3f6678-3e6b-408f-b7eb-3c8b16af1bf7	10	died	O	40	44
38	1c3f6678-3e6b-408f-b7eb-3c8b16af1bf7	11	,	O	44	45
38	1c3f6678-3e6b-408f-b7eb-3c8b16af1bf7	12	as	O	46	48
38	1c3f6678-3e6b-408f-b7eb-3c8b16af1bf7	13	the	O	49	52
38	1c3f6678-3e6b-408f-b7eb-3c8b16af1bf7	14	trio	O	53	57
38	1c3f6678-3e6b-408f-b7eb-3c8b16af1bf7	15	fled	O	58	62
38	1c3f6678-3e6b-408f-b7eb-3c8b16af1bf7	16	on	O	63	65
38	1c3f6678-3e6b-408f-b7eb-3c8b16af1bf7	17	foot	O	66	70
38	1c3f6678-3e6b-408f-b7eb-3c8b16af1bf7	18	,	O	70	71
38	1c3f6678-3e6b-408f-b7eb-3c8b16af1bf7	19	the	O	72	75
38	1c3f6678-3e6b-408f-b7eb-3c8b16af1bf7	20	affidavit	O	76	85
38	1c3f6678-3e6b-408f-b7eb-3c8b16af1bf7	21	says	O	86	90
38	1c3f6678-3e6b-408f-b7eb-3c8b16af1bf7	22	.	O	90	91
102	3146ea5c-1d56-46ee-9496-26a2696c9793	1	Infection	O	0	9
102	3146ea5c-1d56-46ee-9496-26a2696c9793	2	control	O	10	17
102	3146ea5c-1d56-46ee-9496-26a2696c9793	3	experts	O	18	25
102	3146ea5c-1d56-46ee-9496-26a2696c9793	4	are	O	26	29
102	3146ea5c-1d56-46ee-9496-26a2696c9793	5	escalating	O	30	40
102	3146ea5c-1d56-46ee-9496-26a2696c9793	6	their	O	41	46
102	3146ea5c-1d56-46ee-9496-26a2696c9793	7	warfare	O	47	54
102	3146ea5c-1d56-46ee-9496-26a2696c9793	8	against	O	55	62
102	3146ea5c-1d56-46ee-9496-26a2696c9793	9	hospital	O	63	71
102	3146ea5c-1d56-46ee-9496-26a2696c9793	10	microbes	O	72	80
102	3146ea5c-1d56-46ee-9496-26a2696c9793	11	with	O	81	85
102	3146ea5c-1d56-46ee-9496-26a2696c9793	12	the	O	86	89
102	3146ea5c-1d56-46ee-9496-26a2696c9793	13	development	O	90	101
102	3146ea5c-1d56-46ee-9496-26a2696c9793	14	of	O	102	104
102	3146ea5c-1d56-46ee-9496-26a2696c9793	15	Star	B-WORK_OF_ART	105	109
102	3146ea5c-1d56-46ee-9496-26a2696c9793	16	Wars	E-WORK_OF_ART	110	114
102	3146ea5c-1d56-46ee-9496-26a2696c9793	17	-	O	114	115
102	3146ea5c-1d56-46ee-9496-26a2696c9793	18	like	O	115	119
102	3146ea5c-1d56-46ee-9496-26a2696c9793	19	technology	O	120	130
102	3146ea5c-1d56-46ee-9496-26a2696c9793	20	that	O	131	135
102	3146ea5c-1d56-46ee-9496-26a2696c9793	21	uses	O	136	140
102	3146ea5c-1d56-46ee-9496-26a2696c9793	22	ultraviolet	O	141	152
102	3146ea5c-1d56-46ee-9496-26a2696c9793	23	energy	O	153	159
102	3146ea5c-1d56-46ee-9496-26a2696c9793	24	to	O	160	162
102	3146ea5c-1d56-46ee-9496-26a2696c9793	25	destroy	O	163	170
102	3146ea5c-1d56-46ee-9496-26a2696c9793	26	rogue	O	171	176
102	3146ea5c-1d56-46ee-9496-26a2696c9793	27	pathogens	O	177	186
102	3146ea5c-1d56-46ee-9496-26a2696c9793	28	finding	O	187	194
102	3146ea5c-1d56-46ee-9496-26a2696c9793	29	their	O	195	200
102	3146ea5c-1d56-46ee-9496-26a2696c9793	30	way	O	201	204
102	3146ea5c-1d56-46ee-9496-26a2696c9793	31	into	O	205	209
102	3146ea5c-1d56-46ee-9496-26a2696c9793	32	hospitals	O	210	219
102	3146ea5c-1d56-46ee-9496-26a2696c9793	33	.	O	219	220
102	f20a7c32-16e6-4830-a481-ac58c76d5156	1	The	O	-1	2
102	f20a7c32-16e6-4830-a481-ac58c76d5156	2	Northwell	B-ORG	3	12
102	f20a7c32-16e6-4830-a481-ac58c76d5156	3	Health	E-ORG	13	19
102	f20a7c32-16e6-4830-a481-ac58c76d5156	4	network	O	20	27
102	f20a7c32-16e6-4830-a481-ac58c76d5156	5	is	O	28	30
102	f20a7c32-16e6-4830-a481-ac58c76d5156	6	working	O	31	38
102	f20a7c32-16e6-4830-a481-ac58c76d5156	7	with	O	39	43
102	f20a7c32-16e6-4830-a481-ac58c76d5156	8	medical	O	44	51
102	f20a7c32-16e6-4830-a481-ac58c76d5156	9	technology	O	52	62
102	f20a7c32-16e6-4830-a481-ac58c76d5156	10	developer	O	63	72
102	f20a7c32-16e6-4830-a481-ac58c76d5156	11	PurpleSun	S-ORG	73	82
102	f20a7c32-16e6-4830-a481-ac58c76d5156	12	in	O	83	85
102	f20a7c32-16e6-4830-a481-ac58c76d5156	13	Manhattan	S-GPE	86	95
102	f20a7c32-16e6-4830-a481-ac58c76d5156	14	on	O	96	98
102	f20a7c32-16e6-4830-a481-ac58c76d5156	15	the	O	99	102
102	f20a7c32-16e6-4830-a481-ac58c76d5156	16	technology	O	103	113
102	f20a7c32-16e6-4830-a481-ac58c76d5156	17	.	O	113	114
102	533149ba-55ae-4a45-a6fd-6ac34a6f5f31	1	They	O	0	4
102	533149ba-55ae-4a45-a6fd-6ac34a6f5f31	2	are	O	5	8
102	533149ba-55ae-4a45-a6fd-6ac34a6f5f31	3	testing	O	9	16
102	533149ba-55ae-4a45-a6fd-6ac34a6f5f31	4	a	O	17	18
102	533149ba-55ae-4a45-a6fd-6ac34a6f5f31	5	type	O	19	23
102	533149ba-55ae-4a45-a6fd-6ac34a6f5f31	6	of	O	24	26
102	533149ba-55ae-4a45-a6fd-6ac34a6f5f31	7	disinfecting	O	27	39
102	533149ba-55ae-4a45-a6fd-6ac34a6f5f31	8	device	O	40	46
102	533149ba-55ae-4a45-a6fd-6ac34a6f5f31	9	that	O	47	51
102	533149ba-55ae-4a45-a6fd-6ac34a6f5f31	10	uses	O	52	56
102	533149ba-55ae-4a45-a6fd-6ac34a6f5f31	11	a	O	57	58
102	533149ba-55ae-4a45-a6fd-6ac34a6f5f31	12	strength	O	59	67
102	533149ba-55ae-4a45-a6fd-6ac34a6f5f31	13	of	O	68	70
102	533149ba-55ae-4a45-a6fd-6ac34a6f5f31	14	ultraviolet	O	71	82
102	533149ba-55ae-4a45-a6fd-6ac34a6f5f31	15	light	O	83	88
102	533149ba-55ae-4a45-a6fd-6ac34a6f5f31	16	equivalent	O	89	99
102	533149ba-55ae-4a45-a6fd-6ac34a6f5f31	17	to	O	100	102
102	533149ba-55ae-4a45-a6fd-6ac34a6f5f31	18	the	O	103	106
102	533149ba-55ae-4a45-a6fd-6ac34a6f5f31	19	most	O	107	111
102	533149ba-55ae-4a45-a6fd-6ac34a6f5f31	20	intense	O	112	119
102	533149ba-55ae-4a45-a6fd-6ac34a6f5f31	21	UV	O	120	122
102	533149ba-55ae-4a45-a6fd-6ac34a6f5f31	22	light	O	123	128
102	533149ba-55ae-4a45-a6fd-6ac34a6f5f31	23	emitted	O	129	136
102	533149ba-55ae-4a45-a6fd-6ac34a6f5f31	24	by	O	137	139
102	533149ba-55ae-4a45-a6fd-6ac34a6f5f31	25	the	O	140	143
102	533149ba-55ae-4a45-a6fd-6ac34a6f5f31	26	sun	O	144	147
102	533149ba-55ae-4a45-a6fd-6ac34a6f5f31	27	—	O	148	149
102	533149ba-55ae-4a45-a6fd-6ac34a6f5f31	28	but	O	150	153
102	533149ba-55ae-4a45-a6fd-6ac34a6f5f31	29	is	O	154	156
102	533149ba-55ae-4a45-a6fd-6ac34a6f5f31	30	blocked	O	157	164
102	533149ba-55ae-4a45-a6fd-6ac34a6f5f31	31	by	O	165	167
102	533149ba-55ae-4a45-a6fd-6ac34a6f5f31	32	earth	O	168	173
102	533149ba-55ae-4a45-a6fd-6ac34a6f5f31	33	’s	O	173	175
102	533149ba-55ae-4a45-a6fd-6ac34a6f5f31	34	upper	O	176	181
102	533149ba-55ae-4a45-a6fd-6ac34a6f5f31	35	atmosphere	O	182	192
102	533149ba-55ae-4a45-a6fd-6ac34a6f5f31	36	.	O	192	193
102	dca04a01-fa45-4373-8757-1a5433aae331	1	The	O	-1	2
102	dca04a01-fa45-4373-8757-1a5433aae331	2	ultraviolet	O	3	14
102	dca04a01-fa45-4373-8757-1a5433aae331	3	light	O	15	20
102	dca04a01-fa45-4373-8757-1a5433aae331	4	system	O	21	27
102	dca04a01-fa45-4373-8757-1a5433aae331	5	,	O	27	28
102	dca04a01-fa45-4373-8757-1a5433aae331	6	which	O	29	34
102	dca04a01-fa45-4373-8757-1a5433aae331	7	has	O	35	38
102	dca04a01-fa45-4373-8757-1a5433aae331	8	not	O	39	42
102	dca04a01-fa45-4373-8757-1a5433aae331	9	yet	O	43	46
102	dca04a01-fa45-4373-8757-1a5433aae331	10	been	O	47	51
102	dca04a01-fa45-4373-8757-1a5433aae331	11	sold	O	52	56
102	dca04a01-fa45-4373-8757-1a5433aae331	12	commercially	O	57	69
102	dca04a01-fa45-4373-8757-1a5433aae331	13	,	O	69	70
102	dca04a01-fa45-4373-8757-1a5433aae331	14	has	O	71	74
102	dca04a01-fa45-4373-8757-1a5433aae331	15	a	O	75	76
102	dca04a01-fa45-4373-8757-1a5433aae331	16	98	B-PERCENT	77	79
102	dca04a01-fa45-4373-8757-1a5433aae331	17	percent	E-PERCENT	80	87
102	dca04a01-fa45-4373-8757-1a5433aae331	18	kill	O	88	92
102	dca04a01-fa45-4373-8757-1a5433aae331	19	-	O	92	93
102	dca04a01-fa45-4373-8757-1a5433aae331	20	rate	O	93	97
102	dca04a01-fa45-4373-8757-1a5433aae331	21	,	O	97	98
102	dca04a01-fa45-4373-8757-1a5433aae331	22	a	O	99	100
102	dca04a01-fa45-4373-8757-1a5433aae331	23	Northwell	S-ORG	101	110
102	dca04a01-fa45-4373-8757-1a5433aae331	24	analysis	O	111	119
102	dca04a01-fa45-4373-8757-1a5433aae331	25	of	O	120	122
102	dca04a01-fa45-4373-8757-1a5433aae331	26	the	O	123	126
102	dca04a01-fa45-4373-8757-1a5433aae331	27	UV	O	127	129
102	dca04a01-fa45-4373-8757-1a5433aae331	28	device	O	130	136
102	dca04a01-fa45-4373-8757-1a5433aae331	29	has	O	137	140
102	dca04a01-fa45-4373-8757-1a5433aae331	30	shown	O	141	146
102	dca04a01-fa45-4373-8757-1a5433aae331	31	.	O	146	147
102	85f73045-4907-4232-b982-f7de953e4e7c	1	“	O	-1	0
102	92b43b78-5e0b-4fbb-920d-1698f287e630	1	The	O	-1	2
102	92b43b78-5e0b-4fbb-920d-1698f287e630	2	ultraviolet	O	3	14
102	92b43b78-5e0b-4fbb-920d-1698f287e630	3	light	O	15	20
102	92b43b78-5e0b-4fbb-920d-1698f287e630	4	with	O	21	25
102	92b43b78-5e0b-4fbb-920d-1698f287e630	5	its	O	26	29
102	92b43b78-5e0b-4fbb-920d-1698f287e630	6	current	O	30	37
102	92b43b78-5e0b-4fbb-920d-1698f287e630	7	intensity	O	38	47
102	92b43b78-5e0b-4fbb-920d-1698f287e630	8	is	O	48	50
102	92b43b78-5e0b-4fbb-920d-1698f287e630	9	able	O	51	55
102	92b43b78-5e0b-4fbb-920d-1698f287e630	10	to	O	56	58
102	92b43b78-5e0b-4fbb-920d-1698f287e630	11	disinfect	O	59	68
102	92b43b78-5e0b-4fbb-920d-1698f287e630	12	the	O	69	72
102	92b43b78-5e0b-4fbb-920d-1698f287e630	13	environment	O	73	84
102	92b43b78-5e0b-4fbb-920d-1698f287e630	14	within	O	85	91
102	92b43b78-5e0b-4fbb-920d-1698f287e630	15	90	B-TIME	92	94
102	92b43b78-5e0b-4fbb-920d-1698f287e630	16	seconds	E-TIME	95	102
102	92b43b78-5e0b-4fbb-920d-1698f287e630	17	,	O	102	103
102	92b43b78-5e0b-4fbb-920d-1698f287e630	18	”	O	103	104
102	92b43b78-5e0b-4fbb-920d-1698f287e630	19	said	O	105	109
102	92b43b78-5e0b-4fbb-920d-1698f287e630	20	Donna	B-PERSON	110	115
102	92b43b78-5e0b-4fbb-920d-1698f287e630	21	Armellino	E-PERSON	116	125
102	92b43b78-5e0b-4fbb-920d-1698f287e630	22	,	O	125	126
102	92b43b78-5e0b-4fbb-920d-1698f287e630	23	vice	O	127	131
102	92b43b78-5e0b-4fbb-920d-1698f287e630	24	president	O	132	141
102	92b43b78-5e0b-4fbb-920d-1698f287e630	25	for	O	142	145
102	92b43b78-5e0b-4fbb-920d-1698f287e630	26	infection	O	146	155
102	92b43b78-5e0b-4fbb-920d-1698f287e630	27	prevention	O	156	166
102	92b43b78-5e0b-4fbb-920d-1698f287e630	28	for	O	167	170
102	92b43b78-5e0b-4fbb-920d-1698f287e630	29	the	O	171	174
102	92b43b78-5e0b-4fbb-920d-1698f287e630	30	health	O	175	181
102	92b43b78-5e0b-4fbb-920d-1698f287e630	31	system	O	182	188
102	92b43b78-5e0b-4fbb-920d-1698f287e630	32	.	O	188	189
102	434110bc-5a1b-4c78-b132-99bc84b7f273	1	She	O	0	3
102	434110bc-5a1b-4c78-b132-99bc84b7f273	2	said	O	4	8
102	434110bc-5a1b-4c78-b132-99bc84b7f273	3	Northwell	S-ORG	9	18
102	434110bc-5a1b-4c78-b132-99bc84b7f273	4	will	O	19	23
102	434110bc-5a1b-4c78-b132-99bc84b7f273	5	deploy	O	24	30
102	434110bc-5a1b-4c78-b132-99bc84b7f273	6	the	O	31	34
102	434110bc-5a1b-4c78-b132-99bc84b7f273	7	device	O	35	41
102	434110bc-5a1b-4c78-b132-99bc84b7f273	8	in	O	42	44
102	434110bc-5a1b-4c78-b132-99bc84b7f273	9	its	O	45	48
102	434110bc-5a1b-4c78-b132-99bc84b7f273	10	operating	O	49	58
102	434110bc-5a1b-4c78-b132-99bc84b7f273	11	rooms	O	59	64
102	434110bc-5a1b-4c78-b132-99bc84b7f273	12	this	B-DATE	65	69
102	434110bc-5a1b-4c78-b132-99bc84b7f273	13	year	E-DATE	70	74
102	434110bc-5a1b-4c78-b132-99bc84b7f273	14	as	O	75	77
102	434110bc-5a1b-4c78-b132-99bc84b7f273	15	a	O	78	79
102	434110bc-5a1b-4c78-b132-99bc84b7f273	16	new	O	80	83
102	434110bc-5a1b-4c78-b132-99bc84b7f273	17	method	O	84	90
102	434110bc-5a1b-4c78-b132-99bc84b7f273	18	of	O	91	93
102	434110bc-5a1b-4c78-b132-99bc84b7f273	19	sterilizing	O	94	105
102	434110bc-5a1b-4c78-b132-99bc84b7f273	20	everything	O	106	116
102	434110bc-5a1b-4c78-b132-99bc84b7f273	21	from	O	117	121
102	434110bc-5a1b-4c78-b132-99bc84b7f273	22	surgical	O	122	130
102	434110bc-5a1b-4c78-b132-99bc84b7f273	23	tables	O	131	137
102	434110bc-5a1b-4c78-b132-99bc84b7f273	24	and	O	138	141
102	434110bc-5a1b-4c78-b132-99bc84b7f273	25	operating	O	142	151
102	434110bc-5a1b-4c78-b132-99bc84b7f273	26	room	O	152	156
102	434110bc-5a1b-4c78-b132-99bc84b7f273	27	equipment	O	157	166
102	434110bc-5a1b-4c78-b132-99bc84b7f273	28	to	O	167	169
102	434110bc-5a1b-4c78-b132-99bc84b7f273	29	complex	O	170	177
102	434110bc-5a1b-4c78-b132-99bc84b7f273	30	tools	O	178	183
102	434110bc-5a1b-4c78-b132-99bc84b7f273	31	such	O	184	188
102	434110bc-5a1b-4c78-b132-99bc84b7f273	32	as	O	189	191
102	434110bc-5a1b-4c78-b132-99bc84b7f273	33	the	O	192	195
102	434110bc-5a1b-4c78-b132-99bc84b7f273	34	da	B-ORG	196	198
102	434110bc-5a1b-4c78-b132-99bc84b7f273	35	Vinci	E-ORG	199	204
102	434110bc-5a1b-4c78-b132-99bc84b7f273	36	surgical	O	205	213
102	434110bc-5a1b-4c78-b132-99bc84b7f273	37	robot	O	214	219
102	434110bc-5a1b-4c78-b132-99bc84b7f273	38	.	O	219	220
102	db52774a-6050-46cc-a830-e3f5de64be7a	1	She	O	-1	2
102	db52774a-6050-46cc-a830-e3f5de64be7a	2	expects	O	3	10
102	db52774a-6050-46cc-a830-e3f5de64be7a	3	the	O	11	14
102	db52774a-6050-46cc-a830-e3f5de64be7a	4	technology	O	15	25
102	db52774a-6050-46cc-a830-e3f5de64be7a	5	to	O	26	28
102	db52774a-6050-46cc-a830-e3f5de64be7a	6	be	O	29	31
102	db52774a-6050-46cc-a830-e3f5de64be7a	7	used	O	32	36
102	db52774a-6050-46cc-a830-e3f5de64be7a	8	in	O	37	39
102	db52774a-6050-46cc-a830-e3f5de64be7a	9	other	O	40	45
102	db52774a-6050-46cc-a830-e3f5de64be7a	10	parts	O	46	51
102	db52774a-6050-46cc-a830-e3f5de64be7a	11	of	O	52	54
102	db52774a-6050-46cc-a830-e3f5de64be7a	12	Northwell	S-GPE	55	64
102	db52774a-6050-46cc-a830-e3f5de64be7a	13	`s	O	64	66
102	db52774a-6050-46cc-a830-e3f5de64be7a	14	system	O	67	73
102	db52774a-6050-46cc-a830-e3f5de64be7a	15	next	B-DATE	74	78
102	db52774a-6050-46cc-a830-e3f5de64be7a	16	year	E-DATE	79	83
102	db52774a-6050-46cc-a830-e3f5de64be7a	17	.	O	83	84
102	360d89c8-2cb9-44d8-b305-b8f42d06df53	1	One	S-CARDINAL	0	3
102	360d89c8-2cb9-44d8-b305-b8f42d06df53	2	aim	O	4	7
102	360d89c8-2cb9-44d8-b305-b8f42d06df53	3	of	O	8	10
102	360d89c8-2cb9-44d8-b305-b8f42d06df53	4	the	O	11	14
102	360d89c8-2cb9-44d8-b305-b8f42d06df53	5	joint	O	15	20
102	360d89c8-2cb9-44d8-b305-b8f42d06df53	6	venture	O	21	28
102	360d89c8-2cb9-44d8-b305-b8f42d06df53	7	between	O	29	36
102	360d89c8-2cb9-44d8-b305-b8f42d06df53	8	the	O	37	40
102	360d89c8-2cb9-44d8-b305-b8f42d06df53	9	health	O	41	47
102	360d89c8-2cb9-44d8-b305-b8f42d06df53	10	care	O	48	52
102	360d89c8-2cb9-44d8-b305-b8f42d06df53	11	giant	O	53	58
102	360d89c8-2cb9-44d8-b305-b8f42d06df53	12	and	O	59	62
102	360d89c8-2cb9-44d8-b305-b8f42d06df53	13	PurpleSun	S-ORG	63	72
102	360d89c8-2cb9-44d8-b305-b8f42d06df53	14	is	O	73	75
102	360d89c8-2cb9-44d8-b305-b8f42d06df53	15	to	O	76	78
102	360d89c8-2cb9-44d8-b305-b8f42d06df53	16	move	O	79	83
102	360d89c8-2cb9-44d8-b305-b8f42d06df53	17	toward	O	84	90
102	360d89c8-2cb9-44d8-b305-b8f42d06df53	18	a	O	91	92
102	360d89c8-2cb9-44d8-b305-b8f42d06df53	19	greater	O	93	100
102	360d89c8-2cb9-44d8-b305-b8f42d06df53	20	use	O	101	104
102	360d89c8-2cb9-44d8-b305-b8f42d06df53	21	of	O	105	107
102	360d89c8-2cb9-44d8-b305-b8f42d06df53	22	UV	O	108	110
102	360d89c8-2cb9-44d8-b305-b8f42d06df53	23	light	O	111	116
102	360d89c8-2cb9-44d8-b305-b8f42d06df53	24	because	O	117	124
102	360d89c8-2cb9-44d8-b305-b8f42d06df53	25	of	O	125	127
102	360d89c8-2cb9-44d8-b305-b8f42d06df53	26	its	O	128	131
102	360d89c8-2cb9-44d8-b305-b8f42d06df53	27	potent	O	132	138
102	360d89c8-2cb9-44d8-b305-b8f42d06df53	28	sterilization	O	139	152
102	360d89c8-2cb9-44d8-b305-b8f42d06df53	29	capacity	O	153	161
102	360d89c8-2cb9-44d8-b305-b8f42d06df53	30	.	O	161	162
102	03883203-b29f-4eb3-b0af-aea1de6c7c06	1	Although	O	-1	7
102	03883203-b29f-4eb3-b0af-aea1de6c7c06	2	ultraviolet	O	8	19
102	d9224798-8ec7-41b4-aff1-4656929446a6	1	C	O	0	1
102	d9224798-8ec7-41b4-aff1-4656929446a6	2	radiation	O	2	11
102	d9224798-8ec7-41b4-aff1-4656929446a6	3	appears	O	12	19
102	d9224798-8ec7-41b4-aff1-4656929446a6	4	highly	O	20	26
102	d9224798-8ec7-41b4-aff1-4656929446a6	5	effective	O	27	36
102	d9224798-8ec7-41b4-aff1-4656929446a6	6	,	O	36	37
102	d9224798-8ec7-41b4-aff1-4656929446a6	7	Armellino	S-ORG	38	47
102	d9224798-8ec7-41b4-aff1-4656929446a6	8	underscored	O	48	59
102	d9224798-8ec7-41b4-aff1-4656929446a6	9	that	O	60	64
102	d9224798-8ec7-41b4-aff1-4656929446a6	10	the	O	65	68
102	d9224798-8ec7-41b4-aff1-4656929446a6	11	technology	O	69	79
102	d9224798-8ec7-41b4-aff1-4656929446a6	12	will	O	80	84
102	d9224798-8ec7-41b4-aff1-4656929446a6	13	not	O	85	88
102	d9224798-8ec7-41b4-aff1-4656929446a6	14	entirely	O	89	97
102	d9224798-8ec7-41b4-aff1-4656929446a6	15	replace	O	98	105
102	d9224798-8ec7-41b4-aff1-4656929446a6	16	manual	O	106	112
102	d9224798-8ec7-41b4-aff1-4656929446a6	17	disinfection	O	113	125
102	d9224798-8ec7-41b4-aff1-4656929446a6	18	with	O	126	130
102	d9224798-8ec7-41b4-aff1-4656929446a6	19	chemical	O	131	139
102	d9224798-8ec7-41b4-aff1-4656929446a6	20	compounds	O	140	149
102	d9224798-8ec7-41b4-aff1-4656929446a6	21	.	O	149	150
102	d3baaa9c-cc7e-4000-912c-33b4bce56b48	1	The	O	-1	2
102	d3baaa9c-cc7e-4000-912c-33b4bce56b48	2	device	O	3	9
102	d3baaa9c-cc7e-4000-912c-33b4bce56b48	3	arrives	O	10	17
102	d3baaa9c-cc7e-4000-912c-33b4bce56b48	4	as	O	18	20
102	d3baaa9c-cc7e-4000-912c-33b4bce56b48	5	the	O	21	24
102	d3baaa9c-cc7e-4000-912c-33b4bce56b48	6	health	O	25	31
102	d3baaa9c-cc7e-4000-912c-33b4bce56b48	7	care	O	32	36
102	d3baaa9c-cc7e-4000-912c-33b4bce56b48	8	industry	O	37	45
102	d3baaa9c-cc7e-4000-912c-33b4bce56b48	9	awaits	O	46	52
102	d3baaa9c-cc7e-4000-912c-33b4bce56b48	10	the	B-ORG	53	56
102	d3baaa9c-cc7e-4000-912c-33b4bce56b48	11	Centers	I-ORG	57	64
102	d3baaa9c-cc7e-4000-912c-33b4bce56b48	12	for	I-ORG	65	68
102	d3baaa9c-cc7e-4000-912c-33b4bce56b48	13	Disease	I-ORG	69	76
102	d3baaa9c-cc7e-4000-912c-33b4bce56b48	14	Control	I-ORG	77	84
102	d3baaa9c-cc7e-4000-912c-33b4bce56b48	15	and	I-ORG	85	88
102	d3baaa9c-cc7e-4000-912c-33b4bce56b48	16	Prevention	E-ORG	89	99
102	d3baaa9c-cc7e-4000-912c-33b4bce56b48	17	’s	O	99	101
102	d3baaa9c-cc7e-4000-912c-33b4bce56b48	18	updated	O	102	109
102	d3baaa9c-cc7e-4000-912c-33b4bce56b48	19	list	O	110	114
102	d3baaa9c-cc7e-4000-912c-33b4bce56b48	20	of	O	115	117
102	d3baaa9c-cc7e-4000-912c-33b4bce56b48	21	potentially	O	118	129
102	d3baaa9c-cc7e-4000-912c-33b4bce56b48	22	deadly	O	130	136
102	d3baaa9c-cc7e-4000-912c-33b4bce56b48	23	pathogens	O	137	146
102	d3baaa9c-cc7e-4000-912c-33b4bce56b48	24	,	O	146	147
102	d3baaa9c-cc7e-4000-912c-33b4bce56b48	25	which	O	148	153
102	d3baaa9c-cc7e-4000-912c-33b4bce56b48	26	is	O	154	156
102	d3baaa9c-cc7e-4000-912c-33b4bce56b48	27	expected	O	157	165
102	d3baaa9c-cc7e-4000-912c-33b4bce56b48	28	to	O	166	168
102	d3baaa9c-cc7e-4000-912c-33b4bce56b48	29	be	O	169	171
102	d3baaa9c-cc7e-4000-912c-33b4bce56b48	30	published	O	172	181
102	d3baaa9c-cc7e-4000-912c-33b4bce56b48	31	this	B-DATE	182	186
102	d3baaa9c-cc7e-4000-912c-33b4bce56b48	32	fall	E-DATE	187	191
102	d3baaa9c-cc7e-4000-912c-33b4bce56b48	33	.	O	191	192
102	5400c68b-46b5-4e65-93c2-443fef8cba6f	1	Six	B-DATE	0	3
102	5400c68b-46b5-4e65-93c2-443fef8cba6f	2	years	I-DATE	4	9
102	5400c68b-46b5-4e65-93c2-443fef8cba6f	3	ago	E-DATE	10	13
102	5400c68b-46b5-4e65-93c2-443fef8cba6f	4	,	O	13	14
102	5400c68b-46b5-4e65-93c2-443fef8cba6f	5	the	O	15	18
102	5400c68b-46b5-4e65-93c2-443fef8cba6f	6	CDC	S-ORG	19	22
102	5400c68b-46b5-4e65-93c2-443fef8cba6f	7	released	O	23	31
102	5400c68b-46b5-4e65-93c2-443fef8cba6f	8	its	O	32	35
102	5400c68b-46b5-4e65-93c2-443fef8cba6f	9	first	S-ORDINAL	36	41
102	5400c68b-46b5-4e65-93c2-443fef8cba6f	10	list	O	42	46
102	5400c68b-46b5-4e65-93c2-443fef8cba6f	11	of	O	47	49
102	5400c68b-46b5-4e65-93c2-443fef8cba6f	12	18	S-CARDINAL	50	52
102	5400c68b-46b5-4e65-93c2-443fef8cba6f	13	rogue	O	53	58
102	5400c68b-46b5-4e65-93c2-443fef8cba6f	14	pathogens	O	59	68
102	5400c68b-46b5-4e65-93c2-443fef8cba6f	15	known	O	69	74
102	5400c68b-46b5-4e65-93c2-443fef8cba6f	16	to	O	75	77
102	5400c68b-46b5-4e65-93c2-443fef8cba6f	17	infiltrate	O	78	88
102	5400c68b-46b5-4e65-93c2-443fef8cba6f	18	health	O	89	95
102	5400c68b-46b5-4e65-93c2-443fef8cba6f	19	care	O	96	100
102	5400c68b-46b5-4e65-93c2-443fef8cba6f	20	settings	O	101	109
102	5400c68b-46b5-4e65-93c2-443fef8cba6f	21	.	O	109	110
102	27d2c7ed-b74a-4755-a95d-253943cdfc16	1	Two	B-DATE	-1	2
102	27d2c7ed-b74a-4755-a95d-253943cdfc16	2	weeks	I-DATE	3	8
102	27d2c7ed-b74a-4755-a95d-253943cdfc16	3	ago	E-DATE	9	12
102	27d2c7ed-b74a-4755-a95d-253943cdfc16	4	,	O	12	13
102	27d2c7ed-b74a-4755-a95d-253943cdfc16	5	the	B-ORG	14	17
102	27d2c7ed-b74a-4755-a95d-253943cdfc16	6	World	I-ORG	18	23
102	27d2c7ed-b74a-4755-a95d-253943cdfc16	7	Health	I-ORG	24	30
102	27d2c7ed-b74a-4755-a95d-253943cdfc16	8	Organization	E-ORG	31	43
102	27d2c7ed-b74a-4755-a95d-253943cdfc16	9	listed	O	44	50
102	27d2c7ed-b74a-4755-a95d-253943cdfc16	10	drug	O	51	55
102	27d2c7ed-b74a-4755-a95d-253943cdfc16	11	-	O	55	56
102	27d2c7ed-b74a-4755-a95d-253943cdfc16	12	resistant	O	56	65
102	27d2c7ed-b74a-4755-a95d-253943cdfc16	13	so	O	66	68
102	27d2c7ed-b74a-4755-a95d-253943cdfc16	14	-	O	68	69
102	27d2c7ed-b74a-4755-a95d-253943cdfc16	15	called	O	69	75
102	27d2c7ed-b74a-4755-a95d-253943cdfc16	16	"	O	76	77
102	27d2c7ed-b74a-4755-a95d-253943cdfc16	17	superbugs	O	77	86
102	27d2c7ed-b74a-4755-a95d-253943cdfc16	18	"	O	86	87
102	27d2c7ed-b74a-4755-a95d-253943cdfc16	19	as	O	88	90
102	27d2c7ed-b74a-4755-a95d-253943cdfc16	20	one	S-CARDINAL	91	94
102	27d2c7ed-b74a-4755-a95d-253943cdfc16	21	the	O	95	98
102	27d2c7ed-b74a-4755-a95d-253943cdfc16	22	top	O	99	102
102	27d2c7ed-b74a-4755-a95d-253943cdfc16	23	10	S-CARDINAL	103	105
102	27d2c7ed-b74a-4755-a95d-253943cdfc16	24	global	O	106	112
102	27d2c7ed-b74a-4755-a95d-253943cdfc16	25	health	O	113	119
102	27d2c7ed-b74a-4755-a95d-253943cdfc16	26	threats	O	120	127
102	27d2c7ed-b74a-4755-a95d-253943cdfc16	27	for	O	128	131
102	27d2c7ed-b74a-4755-a95d-253943cdfc16	28	2019	S-DATE	132	136
102	27d2c7ed-b74a-4755-a95d-253943cdfc16	29	.	O	136	137
102	414fcb1f-3ec4-489a-8d71-ee01175df738	1	Drug	O	0	4
102	414fcb1f-3ec4-489a-8d71-ee01175df738	2	resistance	O	5	15
102	414fcb1f-3ec4-489a-8d71-ee01175df738	3	is	O	16	18
102	414fcb1f-3ec4-489a-8d71-ee01175df738	4	expected	O	19	27
102	414fcb1f-3ec4-489a-8d71-ee01175df738	5	to	O	28	30
102	414fcb1f-3ec4-489a-8d71-ee01175df738	6	be	O	31	33
102	414fcb1f-3ec4-489a-8d71-ee01175df738	7	the	O	34	37
102	414fcb1f-3ec4-489a-8d71-ee01175df738	8	leading	O	38	45
102	414fcb1f-3ec4-489a-8d71-ee01175df738	9	cause	O	46	51
102	414fcb1f-3ec4-489a-8d71-ee01175df738	10	of	O	52	54
102	414fcb1f-3ec4-489a-8d71-ee01175df738	11	death	O	55	60
102	414fcb1f-3ec4-489a-8d71-ee01175df738	12	by	O	61	63
102	414fcb1f-3ec4-489a-8d71-ee01175df738	13	2050	S-DATE	64	68
102	414fcb1f-3ec4-489a-8d71-ee01175df738	14	,	O	68	69
102	414fcb1f-3ec4-489a-8d71-ee01175df738	15	outstripping	O	70	82
102	414fcb1f-3ec4-489a-8d71-ee01175df738	16	heart	O	83	88
102	414fcb1f-3ec4-489a-8d71-ee01175df738	17	disease	O	89	96
102	414fcb1f-3ec4-489a-8d71-ee01175df738	18	and	O	97	100
102	414fcb1f-3ec4-489a-8d71-ee01175df738	19	cancer	O	101	107
102	414fcb1f-3ec4-489a-8d71-ee01175df738	20	unless	O	108	114
102	414fcb1f-3ec4-489a-8d71-ee01175df738	21	measures	O	115	123
102	414fcb1f-3ec4-489a-8d71-ee01175df738	22	are	O	124	127
102	414fcb1f-3ec4-489a-8d71-ee01175df738	23	taken	O	128	133
102	414fcb1f-3ec4-489a-8d71-ee01175df738	24	to	O	134	136
102	414fcb1f-3ec4-489a-8d71-ee01175df738	25	beat	O	137	141
102	414fcb1f-3ec4-489a-8d71-ee01175df738	26	back	O	142	146
102	414fcb1f-3ec4-489a-8d71-ee01175df738	27	the	O	147	150
102	414fcb1f-3ec4-489a-8d71-ee01175df738	28	bugs	O	151	155
102	414fcb1f-3ec4-489a-8d71-ee01175df738	29	.	O	155	156
102	fe1569f4-302a-424f-a9c0-75343a7a295f	1	Get	O	-1	2
102	fe1569f4-302a-424f-a9c0-75343a7a295f	2	the	O	3	6
102	fe1569f4-302a-424f-a9c0-75343a7a295f	3	Breaking	O	7	15
102	fe1569f4-302a-424f-a9c0-75343a7a295f	4	News	O	16	20
102	fe1569f4-302a-424f-a9c0-75343a7a295f	5	newsletter	O	21	31
102	fe1569f4-302a-424f-a9c0-75343a7a295f	6	!	O	31	32
102	0783905e-d7fa-40ec-8f80-cca231046d9e	1	Get	O	0	3
102	0783905e-d7fa-40ec-8f80-cca231046d9e	2	the	O	4	7
102	0783905e-d7fa-40ec-8f80-cca231046d9e	3	latest	O	8	14
102	0783905e-d7fa-40ec-8f80-cca231046d9e	4	breaking	O	15	23
102	0783905e-d7fa-40ec-8f80-cca231046d9e	5	news	O	24	28
102	0783905e-d7fa-40ec-8f80-cca231046d9e	6	as	O	29	31
102	0783905e-d7fa-40ec-8f80-cca231046d9e	7	it	O	32	34
102	0783905e-d7fa-40ec-8f80-cca231046d9e	8	happens	O	35	42
102	0783905e-d7fa-40ec-8f80-cca231046d9e	9	.	O	42	43
102	77056b3d-8d46-4ef8-9f5d-2b07007f5192	1	By	O	0	2
102	77056b3d-8d46-4ef8-9f5d-2b07007f5192	2	clicking	O	3	11
102	77056b3d-8d46-4ef8-9f5d-2b07007f5192	3	Sign	O	12	16
102	77056b3d-8d46-4ef8-9f5d-2b07007f5192	4	up	O	17	19
102	77056b3d-8d46-4ef8-9f5d-2b07007f5192	5	,	O	19	20
102	77056b3d-8d46-4ef8-9f5d-2b07007f5192	6	you	O	21	24
102	77056b3d-8d46-4ef8-9f5d-2b07007f5192	7	agree	O	25	30
102	77056b3d-8d46-4ef8-9f5d-2b07007f5192	8	to	O	31	33
102	77056b3d-8d46-4ef8-9f5d-2b07007f5192	9	our	O	34	37
102	77056b3d-8d46-4ef8-9f5d-2b07007f5192	10	privacy	O	38	45
102	77056b3d-8d46-4ef8-9f5d-2b07007f5192	11	policy	O	46	52
102	77056b3d-8d46-4ef8-9f5d-2b07007f5192	12	.	O	52	53
102	66e5b215-c171-488d-bc1f-76e1ba60dec6	1	Hackensack	B-ORG	-1	9
102	66e5b215-c171-488d-bc1f-76e1ba60dec6	2	Meridian	I-ORG	10	18
102	66e5b215-c171-488d-bc1f-76e1ba60dec6	3	Health	E-ORG	19	25
102	66e5b215-c171-488d-bc1f-76e1ba60dec6	4	in	O	26	28
102	66e5b215-c171-488d-bc1f-76e1ba60dec6	5	New	B-GPE	29	32
102	66e5b215-c171-488d-bc1f-76e1ba60dec6	6	Jersey	E-GPE	33	39
102	66e5b215-c171-488d-bc1f-76e1ba60dec6	7	joined	O	40	46
102	66e5b215-c171-488d-bc1f-76e1ba60dec6	8	Northwell	S-ORG	47	56
102	66e5b215-c171-488d-bc1f-76e1ba60dec6	9	and	O	57	60
102	66e5b215-c171-488d-bc1f-76e1ba60dec6	10	PurpleSun	S-ORG	61	70
102	66e5b215-c171-488d-bc1f-76e1ba60dec6	11	on	O	71	73
102	66e5b215-c171-488d-bc1f-76e1ba60dec6	12	Monday	S-DATE	74	80
102	66e5b215-c171-488d-bc1f-76e1ba60dec6	13	to	O	81	83
102	66e5b215-c171-488d-bc1f-76e1ba60dec6	14	help	O	84	88
102	66e5b215-c171-488d-bc1f-76e1ba60dec6	15	commercialize	O	89	102
102	66e5b215-c171-488d-bc1f-76e1ba60dec6	16	the	O	103	106
102	66e5b215-c171-488d-bc1f-76e1ba60dec6	17	device	O	107	113
102	66e5b215-c171-488d-bc1f-76e1ba60dec6	18	.	O	113	114
102	35c2f219-99e8-43cb-a133-b97f39eccb9a	1	Armellino	S-ORG	-1	8
102	35c2f219-99e8-43cb-a133-b97f39eccb9a	2	said	O	9	13
102	35c2f219-99e8-43cb-a133-b97f39eccb9a	3	not	O	14	17
102	35c2f219-99e8-43cb-a133-b97f39eccb9a	4	only	O	18	22
102	35c2f219-99e8-43cb-a133-b97f39eccb9a	5	does	O	23	27
102	35c2f219-99e8-43cb-a133-b97f39eccb9a	6	light	O	28	33
102	35c2f219-99e8-43cb-a133-b97f39eccb9a	7	from	O	34	38
102	35c2f219-99e8-43cb-a133-b97f39eccb9a	8	the	O	39	42
102	35c2f219-99e8-43cb-a133-b97f39eccb9a	9	modular	O	43	50
102	35c2f219-99e8-43cb-a133-b97f39eccb9a	10	system	O	51	57
102	35c2f219-99e8-43cb-a133-b97f39eccb9a	11	destroy	O	58	65
102	35c2f219-99e8-43cb-a133-b97f39eccb9a	12	superbugs	O	66	75
102	35c2f219-99e8-43cb-a133-b97f39eccb9a	13	,	O	75	76
102	35c2f219-99e8-43cb-a133-b97f39eccb9a	14	it	O	77	79
102	35c2f219-99e8-43cb-a133-b97f39eccb9a	15	also	O	80	84
102	35c2f219-99e8-43cb-a133-b97f39eccb9a	16	is	O	85	87
102	35c2f219-99e8-43cb-a133-b97f39eccb9a	17	capable	O	88	95
102	35c2f219-99e8-43cb-a133-b97f39eccb9a	18	of	O	96	98
102	35c2f219-99e8-43cb-a133-b97f39eccb9a	19	destroying	O	99	109
102	35c2f219-99e8-43cb-a133-b97f39eccb9a	20	spores	O	110	116
102	35c2f219-99e8-43cb-a133-b97f39eccb9a	21	emitted	O	117	124
102	35c2f219-99e8-43cb-a133-b97f39eccb9a	22	by	O	125	127
102	35c2f219-99e8-43cb-a133-b97f39eccb9a	23	Clostridium	O	128	139
102	35c2f219-99e8-43cb-a133-b97f39eccb9a	24	difficile	O	140	149
102	35c2f219-99e8-43cb-a133-b97f39eccb9a	25	,	O	149	150
102	35c2f219-99e8-43cb-a133-b97f39eccb9a	26	bacteria	O	151	159
102	35c2f219-99e8-43cb-a133-b97f39eccb9a	27	that	O	160	164
102	35c2f219-99e8-43cb-a133-b97f39eccb9a	28	have	O	165	169
102	35c2f219-99e8-43cb-a133-b97f39eccb9a	29	invaded	O	170	177
102	35c2f219-99e8-43cb-a133-b97f39eccb9a	30	hospitals	O	178	187
102	35c2f219-99e8-43cb-a133-b97f39eccb9a	31	worldwide	O	188	197
102	35c2f219-99e8-43cb-a133-b97f39eccb9a	32	,	O	197	198
102	35c2f219-99e8-43cb-a133-b97f39eccb9a	33	including	O	199	208
102	35c2f219-99e8-43cb-a133-b97f39eccb9a	34	institutions	O	209	221
102	35c2f219-99e8-43cb-a133-b97f39eccb9a	35	on	O	222	224
102	35c2f219-99e8-43cb-a133-b97f39eccb9a	36	Long	B-GPE	225	229
102	35c2f219-99e8-43cb-a133-b97f39eccb9a	37	Island	E-GPE	230	236
102	35c2f219-99e8-43cb-a133-b97f39eccb9a	38	.	O	236	237
102	85f73045-4907-4232-b982-f7de953e4e7c	1	“	O	-1	0
102	a839b387-e575-4fed-a9df-6954514563b5	1	We	O	-1	1
102	a839b387-e575-4fed-a9df-6954514563b5	2	are	O	2	5
102	a839b387-e575-4fed-a9df-6954514563b5	3	fighting	O	6	14
102	a839b387-e575-4fed-a9df-6954514563b5	4	things	O	15	21
102	a839b387-e575-4fed-a9df-6954514563b5	5	we	O	22	24
102	a839b387-e575-4fed-a9df-6954514563b5	6	can	O	25	28
102	a839b387-e575-4fed-a9df-6954514563b5	7	not	O	28	31
102	a839b387-e575-4fed-a9df-6954514563b5	8	see	O	32	35
102	a839b387-e575-4fed-a9df-6954514563b5	9	so	O	36	38
102	a839b387-e575-4fed-a9df-6954514563b5	10	we	O	39	41
102	a839b387-e575-4fed-a9df-6954514563b5	11	need	O	42	46
102	a839b387-e575-4fed-a9df-6954514563b5	12	new	O	47	50
102	a839b387-e575-4fed-a9df-6954514563b5	13	technology	O	51	61
102	a839b387-e575-4fed-a9df-6954514563b5	14	to	O	62	64
102	a839b387-e575-4fed-a9df-6954514563b5	15	better	O	65	71
102	a839b387-e575-4fed-a9df-6954514563b5	16	equip	O	72	77
102	a839b387-e575-4fed-a9df-6954514563b5	17	ourselves	O	78	87
102	a839b387-e575-4fed-a9df-6954514563b5	18	,	O	87	88
102	a839b387-e575-4fed-a9df-6954514563b5	19	”	O	88	89
102	a839b387-e575-4fed-a9df-6954514563b5	20	said	O	90	94
102	a839b387-e575-4fed-a9df-6954514563b5	21	Luis	B-PERSON	95	99
102	a839b387-e575-4fed-a9df-6954514563b5	22	Romo	E-PERSON	100	104
102	a839b387-e575-4fed-a9df-6954514563b5	23	,	O	104	105
102	a839b387-e575-4fed-a9df-6954514563b5	24	founder	O	106	113
102	a839b387-e575-4fed-a9df-6954514563b5	25	and	O	114	117
102	a839b387-e575-4fed-a9df-6954514563b5	26	chief	O	118	123
102	a839b387-e575-4fed-a9df-6954514563b5	27	executive	O	124	133
102	a839b387-e575-4fed-a9df-6954514563b5	28	of	O	134	136
102	a839b387-e575-4fed-a9df-6954514563b5	29	PurpleSun	S-ORG	137	146
102	a839b387-e575-4fed-a9df-6954514563b5	30	,	O	146	147
102	a839b387-e575-4fed-a9df-6954514563b5	31	who	O	148	151
102	a839b387-e575-4fed-a9df-6954514563b5	32	with	O	152	156
102	a839b387-e575-4fed-a9df-6954514563b5	33	a	O	157	158
102	a839b387-e575-4fed-a9df-6954514563b5	34	team	O	159	163
102	a839b387-e575-4fed-a9df-6954514563b5	35	of	O	164	166
102	a839b387-e575-4fed-a9df-6954514563b5	36	collaborators	O	167	180
102	a839b387-e575-4fed-a9df-6954514563b5	37	created	O	181	188
102	a839b387-e575-4fed-a9df-6954514563b5	38	the	O	189	192
102	a839b387-e575-4fed-a9df-6954514563b5	39	connected	O	193	202
102	a839b387-e575-4fed-a9df-6954514563b5	40	modular	O	203	210
102	a839b387-e575-4fed-a9df-6954514563b5	41	system	O	211	217
102	a839b387-e575-4fed-a9df-6954514563b5	42	of	O	218	220
102	a839b387-e575-4fed-a9df-6954514563b5	43	six	B-QUANTITY	221	224
102	a839b387-e575-4fed-a9df-6954514563b5	44	-	I-QUANTITY	224	225
102	a839b387-e575-4fed-a9df-6954514563b5	45	foot	E-QUANTITY	225	229
102	a839b387-e575-4fed-a9df-6954514563b5	46	panels	O	230	236
102	a839b387-e575-4fed-a9df-6954514563b5	47	on	O	237	239
102	a839b387-e575-4fed-a9df-6954514563b5	48	wheels	O	240	246
102	a839b387-e575-4fed-a9df-6954514563b5	49	.	O	246	247
102	38d7118e-32a5-48de-b228-9c353c353e18	1	The	O	-1	2
102	38d7118e-32a5-48de-b228-9c353c353e18	2	system	O	3	9
102	38d7118e-32a5-48de-b228-9c353c353e18	3	is	O	10	12
102	38d7118e-32a5-48de-b228-9c353c353e18	4	easily	O	13	19
102	38d7118e-32a5-48de-b228-9c353c353e18	5	moved	O	20	25
102	38d7118e-32a5-48de-b228-9c353c353e18	6	from	O	26	30
102	38d7118e-32a5-48de-b228-9c353c353e18	7	one	S-CARDINAL	31	34
102	38d7118e-32a5-48de-b228-9c353c353e18	8	part	O	35	39
102	38d7118e-32a5-48de-b228-9c353c353e18	9	of	O	40	42
102	38d7118e-32a5-48de-b228-9c353c353e18	10	a	O	43	44
102	38d7118e-32a5-48de-b228-9c353c353e18	11	hospital	O	45	53
102	38d7118e-32a5-48de-b228-9c353c353e18	12	to	O	54	56
102	38d7118e-32a5-48de-b228-9c353c353e18	13	another	O	57	64
102	38d7118e-32a5-48de-b228-9c353c353e18	14	,	O	64	65
102	38d7118e-32a5-48de-b228-9c353c353e18	15	Romo	S-PERSON	66	70
102	38d7118e-32a5-48de-b228-9c353c353e18	16	said	O	71	75
102	38d7118e-32a5-48de-b228-9c353c353e18	17	,	O	75	76
102	38d7118e-32a5-48de-b228-9c353c353e18	18	and	O	77	80
102	38d7118e-32a5-48de-b228-9c353c353e18	19	can	O	81	84
102	38d7118e-32a5-48de-b228-9c353c353e18	20	wrap	O	85	89
102	38d7118e-32a5-48de-b228-9c353c353e18	21	around	O	90	96
102	38d7118e-32a5-48de-b228-9c353c353e18	22	a	O	97	98
102	38d7118e-32a5-48de-b228-9c353c353e18	23	surgical	O	99	107
102	38d7118e-32a5-48de-b228-9c353c353e18	24	table	O	108	113
102	38d7118e-32a5-48de-b228-9c353c353e18	25	.	O	113	114
102	27bb850a-d800-46c4-80bf-29ff739da3f6	1	Anything	O	0	8
102	27bb850a-d800-46c4-80bf-29ff739da3f6	2	enclosed	O	9	17
102	27bb850a-d800-46c4-80bf-29ff739da3f6	3	in	O	18	20
102	27bb850a-d800-46c4-80bf-29ff739da3f6	4	the	O	21	24
102	27bb850a-d800-46c4-80bf-29ff739da3f6	5	area	O	25	29
102	27bb850a-d800-46c4-80bf-29ff739da3f6	6	and	O	30	33
102	27bb850a-d800-46c4-80bf-29ff739da3f6	7	hit	O	34	37
102	27bb850a-d800-46c4-80bf-29ff739da3f6	8	by	O	38	40
102	27bb850a-d800-46c4-80bf-29ff739da3f6	9	the	O	41	44
102	27bb850a-d800-46c4-80bf-29ff739da3f6	10	light	O	45	50
102	27bb850a-d800-46c4-80bf-29ff739da3f6	11	will	O	51	55
102	27bb850a-d800-46c4-80bf-29ff739da3f6	12	be	O	56	58
102	27bb850a-d800-46c4-80bf-29ff739da3f6	13	sterilized	O	59	69
102	27bb850a-d800-46c4-80bf-29ff739da3f6	14	.	O	69	70
102	ecf731c6-310f-407e-9021-766977b81c6a	1	The	O	0	3
102	ecf731c6-310f-407e-9021-766977b81c6a	2	device	O	4	10
102	ecf731c6-310f-407e-9021-766977b81c6a	3	is	O	11	13
102	ecf731c6-310f-407e-9021-766977b81c6a	4	formally	O	14	22
102	ecf731c6-310f-407e-9021-766977b81c6a	5	called	O	23	29
102	ecf731c6-310f-407e-9021-766977b81c6a	6	a	O	30	31
102	ecf731c6-310f-407e-9021-766977b81c6a	7	focused	O	32	39
102	ecf731c6-310f-407e-9021-766977b81c6a	8	multivector	O	40	51
102	ecf731c6-310f-407e-9021-766977b81c6a	9	ultraviolet	O	52	63
102	ecf731c6-310f-407e-9021-766977b81c6a	10	system	O	64	70
102	ecf731c6-310f-407e-9021-766977b81c6a	11	.	O	70	71
102	529be8f4-d90f-4b93-acb9-b77931713454	1	Although	O	-1	7
102	529be8f4-d90f-4b93-acb9-b77931713454	2	small	O	8	13
102	529be8f4-d90f-4b93-acb9-b77931713454	3	UV	O	14	16
102	529be8f4-d90f-4b93-acb9-b77931713454	4	light	O	17	22
102	529be8f4-d90f-4b93-acb9-b77931713454	5	fixtures	O	23	31
102	529be8f4-d90f-4b93-acb9-b77931713454	6	,	O	31	32
102	529be8f4-d90f-4b93-acb9-b77931713454	7	usually	O	33	40
102	529be8f4-d90f-4b93-acb9-b77931713454	8	affixed	O	41	48
102	529be8f4-d90f-4b93-acb9-b77931713454	9	to	O	49	51
102	529be8f4-d90f-4b93-acb9-b77931713454	10	ceilings	O	52	60
102	529be8f4-d90f-4b93-acb9-b77931713454	11	or	O	61	63
102	529be8f4-d90f-4b93-acb9-b77931713454	12	walls	O	64	69
102	529be8f4-d90f-4b93-acb9-b77931713454	13	,	O	69	70
102	529be8f4-d90f-4b93-acb9-b77931713454	14	have	O	71	75
102	529be8f4-d90f-4b93-acb9-b77931713454	15	been	O	76	80
102	529be8f4-d90f-4b93-acb9-b77931713454	16	used	O	81	85
102	529be8f4-d90f-4b93-acb9-b77931713454	17	in	O	86	88
102	529be8f4-d90f-4b93-acb9-b77931713454	18	tuberculosis	O	89	101
102	529be8f4-d90f-4b93-acb9-b77931713454	19	clinics	O	102	109
102	529be8f4-d90f-4b93-acb9-b77931713454	20	for	O	110	113
102	529be8f4-d90f-4b93-acb9-b77931713454	21	decades	S-DATE	114	121
102	529be8f4-d90f-4b93-acb9-b77931713454	22	,	O	121	122
102	529be8f4-d90f-4b93-acb9-b77931713454	23	they	O	123	127
102	529be8f4-d90f-4b93-acb9-b77931713454	24	were	O	128	132
102	529be8f4-d90f-4b93-acb9-b77931713454	25	not	O	133	136
102	529be8f4-d90f-4b93-acb9-b77931713454	26	always	O	137	143
102	529be8f4-d90f-4b93-acb9-b77931713454	27	effective	O	144	153
102	529be8f4-d90f-4b93-acb9-b77931713454	28	,	O	153	154
102	529be8f4-d90f-4b93-acb9-b77931713454	29	nor	O	155	158
102	529be8f4-d90f-4b93-acb9-b77931713454	30	was	O	159	162
102	529be8f4-d90f-4b93-acb9-b77931713454	31	the	O	163	166
102	529be8f4-d90f-4b93-acb9-b77931713454	32	intensity	O	167	176
102	529be8f4-d90f-4b93-acb9-b77931713454	33	of	O	177	179
102	529be8f4-d90f-4b93-acb9-b77931713454	34	UV	O	180	182
102	529be8f4-d90f-4b93-acb9-b77931713454	35	light	O	183	188
102	529be8f4-d90f-4b93-acb9-b77931713454	36	powerful	O	189	197
102	529be8f4-d90f-4b93-acb9-b77931713454	37	enough	O	198	204
102	529be8f4-d90f-4b93-acb9-b77931713454	38	to	O	205	207
102	529be8f4-d90f-4b93-acb9-b77931713454	39	kill	O	208	212
102	529be8f4-d90f-4b93-acb9-b77931713454	40	all	O	213	216
102	529be8f4-d90f-4b93-acb9-b77931713454	41	surface	O	217	224
102	529be8f4-d90f-4b93-acb9-b77931713454	42	microbes	O	225	233
102	529be8f4-d90f-4b93-acb9-b77931713454	43	,	O	233	234
102	529be8f4-d90f-4b93-acb9-b77931713454	44	studies	O	235	242
102	529be8f4-d90f-4b93-acb9-b77931713454	45	have	O	243	247
102	529be8f4-d90f-4b93-acb9-b77931713454	46	shown	O	248	253
102	529be8f4-d90f-4b93-acb9-b77931713454	47	.	O	253	254
102	93824e9c-f280-4af5-9311-68a384ee6799	1	Romo	S-PERSON	-1	3
102	93824e9c-f280-4af5-9311-68a384ee6799	2	came	O	4	8
102	93824e9c-f280-4af5-9311-68a384ee6799	3	up	O	9	11
102	93824e9c-f280-4af5-9311-68a384ee6799	4	with	O	12	16
102	93824e9c-f280-4af5-9311-68a384ee6799	5	the	O	17	20
102	93824e9c-f280-4af5-9311-68a384ee6799	6	idea	O	21	25
102	93824e9c-f280-4af5-9311-68a384ee6799	7	of	O	26	28
102	93824e9c-f280-4af5-9311-68a384ee6799	8	using	O	29	34
102	93824e9c-f280-4af5-9311-68a384ee6799	9	the	O	35	38
102	93824e9c-f280-4af5-9311-68a384ee6799	10	most	O	39	43
102	93824e9c-f280-4af5-9311-68a384ee6799	11	intense	O	44	51
102	93824e9c-f280-4af5-9311-68a384ee6799	12	ultraviolet	O	52	63
102	93824e9c-f280-4af5-9311-68a384ee6799	13	wavelengths	O	64	75
102	93824e9c-f280-4af5-9311-68a384ee6799	14	as	O	76	78
102	93824e9c-f280-4af5-9311-68a384ee6799	15	a	O	79	80
102	93824e9c-f280-4af5-9311-68a384ee6799	16	sterilization	O	81	94
102	93824e9c-f280-4af5-9311-68a384ee6799	17	method	O	95	101
102	93824e9c-f280-4af5-9311-68a384ee6799	18	while	O	102	107
102	93824e9c-f280-4af5-9311-68a384ee6799	19	a	O	108	109
102	93824e9c-f280-4af5-9311-68a384ee6799	20	graduate	O	110	118
102	93824e9c-f280-4af5-9311-68a384ee6799	21	student	O	119	126
102	93824e9c-f280-4af5-9311-68a384ee6799	22	in	O	127	129
102	93824e9c-f280-4af5-9311-68a384ee6799	23	2012	S-DATE	130	134
102	93824e9c-f280-4af5-9311-68a384ee6799	24	.	O	134	135
102	a95cdb5f-c808-4a30-982b-d12179089591	1	Armellino	S-ORG	-1	8
102	a95cdb5f-c808-4a30-982b-d12179089591	2	,	O	8	9
102	a95cdb5f-c808-4a30-982b-d12179089591	3	meanwhile	O	10	19
102	a95cdb5f-c808-4a30-982b-d12179089591	4	,	O	19	20
102	a95cdb5f-c808-4a30-982b-d12179089591	5	worked	O	21	27
102	a95cdb5f-c808-4a30-982b-d12179089591	6	with	O	28	32
102	a95cdb5f-c808-4a30-982b-d12179089591	7	a	O	33	34
102	a95cdb5f-c808-4a30-982b-d12179089591	8	team	O	35	39
102	a95cdb5f-c808-4a30-982b-d12179089591	9	of	O	40	42
102	a95cdb5f-c808-4a30-982b-d12179089591	10	researchers	O	43	54
102	a95cdb5f-c808-4a30-982b-d12179089591	11	to	O	55	57
102	a95cdb5f-c808-4a30-982b-d12179089591	12	determine	O	58	67
102	a95cdb5f-c808-4a30-982b-d12179089591	13	how	O	68	71
102	a95cdb5f-c808-4a30-982b-d12179089591	14	effectively	O	72	83
102	a95cdb5f-c808-4a30-982b-d12179089591	15	the	O	84	87
102	a95cdb5f-c808-4a30-982b-d12179089591	16	panels	O	88	94
102	a95cdb5f-c808-4a30-982b-d12179089591	17	`	O	94	95
102	a95cdb5f-c808-4a30-982b-d12179089591	18	ultraviolet	O	96	107
102	a95cdb5f-c808-4a30-982b-d12179089591	19	energy	O	108	114
102	a95cdb5f-c808-4a30-982b-d12179089591	20	destroy	O	115	122
102	a95cdb5f-c808-4a30-982b-d12179089591	21	pathogens	O	123	132
102	a95cdb5f-c808-4a30-982b-d12179089591	22	.	O	132	133
102	cdcefc56-24aa-4606-9eaa-8531c0021d06	1	She	O	0	3
102	cdcefc56-24aa-4606-9eaa-8531c0021d06	2	reported	O	4	12
102	cdcefc56-24aa-4606-9eaa-8531c0021d06	3	the	O	13	16
102	cdcefc56-24aa-4606-9eaa-8531c0021d06	4	findings	O	17	25
102	cdcefc56-24aa-4606-9eaa-8531c0021d06	5	earlier	B-DATE	26	33
102	cdcefc56-24aa-4606-9eaa-8531c0021d06	6	this	I-DATE	34	38
102	cdcefc56-24aa-4606-9eaa-8531c0021d06	7	month	E-DATE	39	44
102	cdcefc56-24aa-4606-9eaa-8531c0021d06	8	in	O	45	47
102	cdcefc56-24aa-4606-9eaa-8531c0021d06	9	the	B-ORG	48	51
102	cdcefc56-24aa-4606-9eaa-8531c0021d06	10	American	I-ORG	52	60
102	cdcefc56-24aa-4606-9eaa-8531c0021d06	11	Journal	I-ORG	61	68
102	cdcefc56-24aa-4606-9eaa-8531c0021d06	12	of	I-ORG	69	71
102	cdcefc56-24aa-4606-9eaa-8531c0021d06	13	Infection	I-ORG	72	81
102	cdcefc56-24aa-4606-9eaa-8531c0021d06	14	Control	E-ORG	82	89
102	cdcefc56-24aa-4606-9eaa-8531c0021d06	15	.	O	89	90
102	0479caaf-2546-495f-88d3-5b49584c631f	1	The	O	-1	2
102	0479caaf-2546-495f-88d3-5b49584c631f	2	team	O	3	7
102	0479caaf-2546-495f-88d3-5b49584c631f	3	found	O	8	13
102	0479caaf-2546-495f-88d3-5b49584c631f	4	the	O	14	17
102	0479caaf-2546-495f-88d3-5b49584c631f	5	panels	O	18	24
102	0479caaf-2546-495f-88d3-5b49584c631f	6	emit	O	25	29
102	0479caaf-2546-495f-88d3-5b49584c631f	7	such	O	30	34
102	0479caaf-2546-495f-88d3-5b49584c631f	8	potent	O	35	41
102	0479caaf-2546-495f-88d3-5b49584c631f	9	energy	O	42	48
102	0479caaf-2546-495f-88d3-5b49584c631f	10	that	O	49	53
102	0479caaf-2546-495f-88d3-5b49584c631f	11	all	O	54	57
102	0479caaf-2546-495f-88d3-5b49584c631f	12	microbes	O	58	66
102	0479caaf-2546-495f-88d3-5b49584c631f	13	in	O	67	69
102	0479caaf-2546-495f-88d3-5b49584c631f	14	the	O	70	73
102	0479caaf-2546-495f-88d3-5b49584c631f	15	light	O	74	79
102	0479caaf-2546-495f-88d3-5b49584c631f	16	’s	O	79	81
102	0479caaf-2546-495f-88d3-5b49584c631f	17	path	O	82	86
102	0479caaf-2546-495f-88d3-5b49584c631f	18	are	O	87	90
102	0479caaf-2546-495f-88d3-5b49584c631f	19	destroyed	O	91	100
102	0479caaf-2546-495f-88d3-5b49584c631f	20	.	O	100	101
102	64b8a645-c144-4ce0-ab31-b57280b25686	1	She	O	-1	2
102	64b8a645-c144-4ce0-ab31-b57280b25686	2	and	O	3	6
102	64b8a645-c144-4ce0-ab31-b57280b25686	3	her	O	7	10
102	64b8a645-c144-4ce0-ab31-b57280b25686	4	team	O	11	15
102	64b8a645-c144-4ce0-ab31-b57280b25686	5	additionally	O	16	28
102	64b8a645-c144-4ce0-ab31-b57280b25686	6	used	O	29	33
102	64b8a645-c144-4ce0-ab31-b57280b25686	7	the	O	34	37
102	64b8a645-c144-4ce0-ab31-b57280b25686	8	panels	O	38	44
102	64b8a645-c144-4ce0-ab31-b57280b25686	9	on	O	45	47
102	64b8a645-c144-4ce0-ab31-b57280b25686	10	3,000	S-CARDINAL	48	53
102	64b8a645-c144-4ce0-ab31-b57280b25686	11	microbiological	O	54	69
102	64b8a645-c144-4ce0-ab31-b57280b25686	12	samples	O	70	77
102	64b8a645-c144-4ce0-ab31-b57280b25686	13	taken	O	78	83
102	64b8a645-c144-4ce0-ab31-b57280b25686	14	after	O	84	89
102	64b8a645-c144-4ce0-ab31-b57280b25686	15	100	S-CARDINAL	90	93
102	64b8a645-c144-4ce0-ab31-b57280b25686	16	different	O	94	103
102	64b8a645-c144-4ce0-ab31-b57280b25686	17	surgical	O	104	112
102	64b8a645-c144-4ce0-ab31-b57280b25686	18	cases	O	113	118
102	64b8a645-c144-4ce0-ab31-b57280b25686	19	in	O	119	121
102	64b8a645-c144-4ce0-ab31-b57280b25686	20	and	O	122	125
102	64b8a645-c144-4ce0-ab31-b57280b25686	21	around	O	126	132
102	64b8a645-c144-4ce0-ab31-b57280b25686	22	operating	O	133	142
102	64b8a645-c144-4ce0-ab31-b57280b25686	23	rooms	O	143	148
102	64b8a645-c144-4ce0-ab31-b57280b25686	24	at	O	149	151
102	64b8a645-c144-4ce0-ab31-b57280b25686	25	three	S-CARDINAL	152	157
102	64b8a645-c144-4ce0-ab31-b57280b25686	26	different	O	158	167
102	64b8a645-c144-4ce0-ab31-b57280b25686	27	hospitals	O	168	177
102	64b8a645-c144-4ce0-ab31-b57280b25686	28	in	O	178	180
102	64b8a645-c144-4ce0-ab31-b57280b25686	29	the	O	181	184
102	64b8a645-c144-4ce0-ab31-b57280b25686	30	greater	O	185	192
102	64b8a645-c144-4ce0-ab31-b57280b25686	31	metropolitan	O	193	205
102	64b8a645-c144-4ce0-ab31-b57280b25686	32	area	O	206	210
102	64b8a645-c144-4ce0-ab31-b57280b25686	33	.	O	210	211
102	16d559e0-72ca-4030-b7e2-7beb741203b4	1	No	O	0	2
102	16d559e0-72ca-4030-b7e2-7beb741203b4	2	microbe	O	3	10
102	16d559e0-72ca-4030-b7e2-7beb741203b4	3	exposed	O	11	18
102	16d559e0-72ca-4030-b7e2-7beb741203b4	4	to	O	19	21
102	16d559e0-72ca-4030-b7e2-7beb741203b4	5	the	O	22	25
102	16d559e0-72ca-4030-b7e2-7beb741203b4	6	UV	O	26	28
102	16d559e0-72ca-4030-b7e2-7beb741203b4	7	light	O	29	34
102	16d559e0-72ca-4030-b7e2-7beb741203b4	8	survived	O	35	43
102	16d559e0-72ca-4030-b7e2-7beb741203b4	9	,	O	43	44
102	16d559e0-72ca-4030-b7e2-7beb741203b4	10	the	O	45	48
102	16d559e0-72ca-4030-b7e2-7beb741203b4	11	research	O	49	57
102	16d559e0-72ca-4030-b7e2-7beb741203b4	12	showed	O	58	64
102	16d559e0-72ca-4030-b7e2-7beb741203b4	13	.	O	64	65
111	b03a1e63-e864-427f-abb4-f40057a62740	1	The	O	0	3
111	b03a1e63-e864-427f-abb4-f40057a62740	2	longest	O	4	11
111	b03a1e63-e864-427f-abb4-f40057a62740	3	government	O	12	22
111	b03a1e63-e864-427f-abb4-f40057a62740	4	shutdown	O	23	31
111	b03a1e63-e864-427f-abb4-f40057a62740	5	in	O	32	34
111	b03a1e63-e864-427f-abb4-f40057a62740	6	our	O	35	38
111	b03a1e63-e864-427f-abb4-f40057a62740	7	country	O	39	46
111	b03a1e63-e864-427f-abb4-f40057a62740	8	’s	O	46	48
111	b03a1e63-e864-427f-abb4-f40057a62740	9	history	O	49	56
